﻿,Index,reviewerID,asin,reviewerName,helpful,reviewText,overall,summary,unixReviewTime,reviewTime
0,1672632,A16T699EUPQA76,B00FPUN57K,R. Adsit,"[1, 1]","I got a bad copy (its DVD_R) returned it, got another bad copy!Same missing shows on two disks??But I really like what I did see! so hope they fix the problem soon...",3.0,"good show, bad copy",1393027200,"02 22, 2014"
1,1672641,A11977Q3OXQYHD,B00FPVGWY2,"Chuck ""Chuck""","[0, 0]",not a favorite,3.0,I did not love it,1405987200,"07 22, 2014"
2,1672997,A3JAS1JIZEN6WX,B00FRILRL6,Craig Neading,"[0, 1]",The trailer was better than the movie. The movie was slow and very stupid at times. It was just a waste of time.,3.0,Boreing,1388102400,"12 27, 2013"
3,1673068,A2B9R6L5CNL4UV,B00FRILRL6,John,"[2, 3]","This wasn't a hard movie to watch, but it wasn't a great movie to watch. Slightly funny, slightly stupid and definitely violent. It's not a movie I'll watch again (even when it hits TV), but I don't feel like I wasted my time.",3.0,"Not bad, not DeNiro great",1389139200,"01 8, 2014"
4,1673122,A32I8HH5UVBA66,B00FRILRL6,Movie Addict,"[0, 1]","This movie is about Robert De Niro trying to leave &#34;the mob.&#34; It's a good movie, but not as funny as &#34;promoted.&#34; (At least I didn't find it so.) The plot is weak; rather disjointed. Because it starred Robert De Niro, I thought it would be better; it was not all that great of acting on De Niro's part.",3.0,The Family,1388966400,"01 6, 2014"
5,1673301,AAM5BCE9FZVAJ,B00FRQ0HOQ,"R. Flusche ""Walking Pine Tree""","[0, 0]","Boring.  The first season was great with the aftermath thing with Jack the Ripper stopping, but the second season has lost it's novelty, and the righteous copper not willing to play politics is getting boring.  I whish they would bring in some fictious Ripper killings or something to make it exciting.",3.0,Has lost it's novelty,1400803200,"05 23, 2014"
6,1673359,ARA105UMQJR1E,B00FRY70K2,"Robert Locicero ""Tech Head""","[0, 0]","Always enjoy disaster films, however, this movie is a classic B film with a weak plot.  A very good cast, however, the special effects are not the best.",3.0,Average Film,1394668800,"03 13, 2014"
7,1673691,A15ZVKJYE78JI4,B00FXWAZW8,Jasmine,"[1, 1]","It's a sad storyline, achieved well, just hard to watch.  Very interesting, but dark.  Pornography.  Prostitutes.  Abuse.  Losing control.  Some of its themes hit pretty close to home, with any addiction even chocolate/food funnily enough.  There were some positives, but it is so sad how quickly us humans resort to our addictions the second life gets a little hard.",3.0,"""Laugh Out Loud""?  Not quite :)",1391644800,"02 6, 2014"
8,1673744,A1PHCJYRF9G83L,B00FYV7W9W,Jimmy,"[0, 2]",Not all that great. I watched this movie a week ago and don't even remember it. Nothing special at all.,3.0,Ehhh...,1396828800,"04 7, 2014"
9,1673749,A2R6BGGIGE3F95,B00FYV7W9W,John W. Lawrence,"[0, 0]",Average horror with a twist.,3.0,Three Stars,1404259200,"07 2, 2014"
10,1673812,AL1PFXWR2XJ6Q,B00FZ4KR4U,B. B. Spanier,"[0, 0]","Shallow on relationship difficulties, especially marriages and ex-marriages (pathetic), snotty kids.  And what's with the innuendos about lesbians?  Can't say I'd recommend it, except to see beautiful Gandolfino.  And Dreyfus in a complex role cf. her IDIOTIC work in Veep (worst thing I've seen on TV).",3.0,"Excellent acting, but shallow story",1390867200,"01 28, 2014"
11,1673862,ALR9JPPLH03,B00FZ4KR4U,D. Ciaciuch,"[2, 2]",Despite the good reviews we were disappointed in this movie. It was OK at best and not worthy of the great reviews.,3.0,Just OK,1394928000,"03 16, 2014"
12,1673875,A1O7PQU48TF9M5,B00FZ4KR4U,"D. Smith ""d.smith""","[0, 0]",Julia Louis-Dreyfus steals the show. Fun and romantic.,3.0,Fun and romantic,1405900800,"07 21, 2014"
13,1673911,A6KRISBA3R8QN,B00FZ4KR4U,"Jeanne from Minneapolis ""weilx001""","[0, 0]","This film is O.K., not great. However, for those of us who are saddened by Jim Gandolfini's death, watching his films is comforting.",3.0,This one is worth watching in honor of Jim Gandolfini,1391385600,"02 3, 2014"
14,1674064,A1IWR4YH4ZA9BM,B00FZ4KR4U,"Suzanne Schumacher ""nocht2late""","[2, 2]","Blah, blah, blah.  It was a movie full...just full of talking.  Of a downtrodden Julia Louis Dreyfus...so downtrodden, in fact, that I could barely stand to watch it.  And her counterpart was just as disturbing.  What a last movie to go out with.  Awful.",3.0,Blah,1395446400,"03 22, 2014"
15,1674612,A4M26LTRLCUAV,B00FZM8Z7I,"Grateful Granny ""grateful grammy""","[0, 0]",Ordered for my child..couldn't hold his attention. Same old story as the miser whose problem was ...everything he touched turned to gold as here it was ice. Disappointed!,3.0,Frozen: The Miser Again in New Predicament,1396656000,"04 5, 2014"
16,1675482,A3UH2NF1TQK7F3,B00FZM8Z7I,Texmaryanne,"[0, 2]","I was so anxious to get to watch this DVD, because it won the Best Animated film award.  Maybe I expected too much of it, but I was disappointed.  It was just an okay film, in my opinion.  I hate the way so many children's movies start out with parents' being killed off.  I haven't seen a really good Disney movie since &#34;Cars.&#34;",3.0,Slightly disappointed,1398038400,"04 21, 2014"
17,1675607,A2LYAMHUS1UCPV,B00FZURN3C,George L. Williams,"[0, 0]","the kids liked it, I wasn't as impressed",3.0,Three Stars,1404777600,"07 8, 2014"
18,1675907,A3BG39N4UJDBQI,B00G15MDI0,"marie ""marie""","[0, 0]","I am not sure what I was expecting, but I found this movie to be a dark, very serious movie, and rather depressing at times. I think it was interesting and well-done, I just found it to be very sad.",3.0,Ok movie,1401494400,"05 31, 2014"
19,1676106,A1O1U9V9V4PXAG,B00G18JT6G,Meryl M.,"[3, 13]",I'm in the middle of this series now. I'm not enjoying it. There is no character who is actually likable. There are many horrific scenes.NOT FOR CHILDREN.I may come back and say more when I've finished it. Or not.,3.0,NOT for ANY children,1392508800,"02 16, 2014"
20,1676134,A3LA1W1YLVER18,B00G2P79BU,Aleta Morgan,"[0, 1]",One of those movies you watch and laugh at in spite of yourself.  One of those late night stupid movies that you watch to kill time.,3.0,This is a really bad movie,1392163200,"02 12, 2014"
21,1676163,A3E0898SDFOFXD,B00G2P79BU,"Cami=) ""Cami=)""","[0, 0]",It wasn't bad..... but that's just it.....it wasn't good either....cant tell you what missing necessarily but you can tell its missing.....fell asleep 30mins in...,3.0,ok,1391904000,"02 9, 2014"
22,1676190,A1OCYEKVFATL32,B00G2P79BU,Darlene,"[0, 1]",Bad taste movie not fit for the shelf. I would not let my children watch this move. Home alone has this movie beat.,3.0,Movie,1392249600,"02 13, 2014"
23,1676282,A1XEBR24VWW0NJ,B00G2P79BU,"Lyvoinne Harris ""vonnybunny""","[0, 0]",I was somewhat disappointed. The fact that it looked like a Documentary was annoying and I certainly did not like some of his actions performed.,3.0,Grandpa,1396915200,"04 8, 2014"
24,1676298,A3RLLL86F9EBQH,B00G2P79BU,Michael B.,"[0, 0]","Certainly not a movie for children. Funny but some parts were disgusting and gross. They went a little too far, very graphic with sexual content.",3.0,Creepy Grandpa,1402358400,"06 10, 2014"
25,1676342,A29W9NK3CYDH0K,B00G2P79BU,Rosie,"[0, 0]",he is funny but this movie sucked some parts were funny but other had me falling asleep jackass needs to come back on tv the show was funnier than this,3.0,not what i expected from johnny knockville,1398470400,"04 26, 2014"
26,1676449,A39MYWEXQ4ZRAA,B00G3HOJZ6,William H. Jefferson,"[1, 1]","It was good but too long, It had boring parts that I skipped over not because I was impatient but it was too long and it had alot of stupid parts to it.",3.0,Good But?????,1398816000,"04 30, 2014"
27,1676492,A2DGSDMNV02KBP,B00G4Q3KOC,AL- B TheRealReviewer,"[0, 1]",Personally I think the the movie Amistad was a more riveting slavery story than this. There was no Oscar winning performance that I saw here. I guess the naked lashings disgusted the judges into giving out &#34;pity&#34; Oscars.,3.0,It was okay.,1394150400,"03 7, 2014"
28,1676584,A37DI6VAYJKCDI,B00G4Q3KOC,Cecilia Porrua,"[0, 6]","There is no doubt this is a well made movie from the production to the acting.  Nevertheless, it showed nothing new to the viewers.  Again we saw the endless and horrendous abuse of human beings on the hands of the slave owners.  We were reminded of the contrast between good and evil in the era prior to the Civil War.  Is there somebody in America who ignores the extremes of this dark historical era?",3.0,Overrated,1394064000,"03 6, 2014"
29,1676679,A2XECVF3IKYKQ2,B00G4Q3KOC,Don Schaeffer,"[1, 2]",There's not much to the story.There are no surprises. Sound and fury. Colorful scenery. It just goes on to anti-climax.,3.0,A lot of whippings,1395273600,"03 20, 2014"
30,1676819,A38ZX3RG6H9FV7,B00G4Q3KOC,John Soflin,"[0, 0]",Well acted but the violent scenes are very hard to watch. Sad how throughout the history of man how we have treated each other. Still facting these issues today. If you like history you will enjoy the movie.,3.0,Hard to watch the violence but well acted.,1404864000,"07 9, 2014"
31,1676886,A2RMSH73IB2JB8,B00G4Q3KOC,Leroy  S Marion,"[1, 1]","All of the evil stories of slavery put into one movie. I have read the story and its not what is presented here. Over acted in many scenes, and Brad Pitt just made it worse.",3.0,"OK, but not like the written story at all",1405123200,"07 12, 2014"
32,1676937,AXFRYIAY5734U,B00G4Q3KOC,Mary S. Larson,"[1, 3]","Good movie, but no surprises.  It is a fairly good first time visual introduction to the cruelty of slavery and what monsters slave owners tended to become with that kind of power over other human beings.  The violence was well done but not over powering.",3.0,No Surprise,1393632000,"03 1, 2014"
33,1676938,A3R4F7ZDE843B3,B00G4Q3KOC,"Mary W. Black ""Lover of words""","[1, 2]","Exceptional acting but difficult to watch. Hard to believe this got the Best Oscar. White guilt still at work. Three stars for direction and casting. Otherwise, just tedious. Will you leave the theater enlightened, in awe, entertained, educated to something new? No. Definitely better than Gravity, the worst of the year. Would not recommend.",3.0,Same Theme..Rehashed to Death.,1395705600,"03 25, 2014"
34,1676961,A1ZIQE1HKWJDO7,B00G4Q3KOC,Miguel Eugene-a Perez,"[1, 2]","I appreciate the intention and the accuracy of the stories of Solomon Northup... but the where I got lost watching the film was the separation of personalities and development of characters. Understanding the intention of the film was to display the true brutality of slavery in the 1800's... maybe we need more awareness of the past. But for an almost three hour film, I wanted to get to know Solomon more as a person, I would have loved to see the trials after he was freed again. I would've loved to seen more of his life and family before he was captured. But the brutality was all that was left. Hard to stomach violence and degradation only goes so far to create awareness. Maybe I'm out of touch, but this film wasn't anymore effective to me than Glory, Roots or even the ridiculous Django Unchained as far as purveying a message of deep inequality and on-going struggle. What are we doing about it now, other than shocking people into feeling guilty about slavery. Call me out of touch.",3.0,Not much to say...,1394928000,"03 16, 2014"
35,1676983,AARHFHP17QFNG,B00G4Q3KOC,"Music Lover ""Peace. Love. Happiness.""","[1, 1]","Well, I bought this because it was so hyped up but really how many times can you hear about the atrocities of slavery and not be moved? It was horrible to see how they were treated. The rapes and murders were expected. The acting was superb (although my family could not understand why N'Yongo won for her part because it was so small of a part-I thought she was outstanding-they said all she did was scream-I said she delivered that whipping part and the part when she asked for him to drown her and take her out of her misery).  I have seen most of the nominated movies and I am not sure who could have beaten that performance. I loved C. Ejiofor's performance as well. Anyway, it was a movie that delivered the usual cruel story of slavery. I can't say that I liked it so much that it deserved 5 stars but it was good. I don't know...What do I know?",3.0,Okay,1395014400,"03 17, 2014"
36,1677156,A2NVOYAHH1CNSH,B00G4Q3KOC,tmixjr68,"[0, 0]",Not as good as I thought it would be.,3.0,So So,1405987200,"07 22, 2014"
37,1677180,A1Q9P25R6OKZV8,B00G4Q3KOC,"William C. Anderson ""wilmeaux""","[0, 0]",It seemed to concentrate on the horrors of slavery rather than telling the story. I would have preferred to see a film that had better continuity in the story line.,3.0,A fairly well made and cast film,1397520000,"04 15, 2014"
38,1677254,A19SBIW8TFMZ5S,B00G6Q4TOK,SanDiegoJesse,"[0, 0]","Made it to the halfway point and gave up in frustration and disappointment.  Nice cinematography and vivid colors in the wardrobe,  but I felt no connection whatsoever to the main character.  Plus, the plot seemed disjointed and fragmented.  Some scenes dragged on with no dialog and became boring to watch.",3.0,"Had Potential, but...",1400198400,"05 16, 2014"
39,1678067,AJEREEIU1TJHA,B00GEKO51U,Andrew,"[0, 0]",Sad to see vaughn taking such male-stereotypical diminished roles.,3.0,Three Stars,1405296000,"07 14, 2014"
40,1678117,A251QCDFN5CFD4,B00GEKO51U,Heather,"[0, 0]","Stupid, but very cute.",3.0,so cute! silly!,1404259200,"07 2, 2014"
41,1678158,AZO1U1UX3AVFZ,B00GEKO51U,Michelle Dowdican,"[1, 2]",This far fetched story was not great to watch. They tried to make you laugh and cry over this story line. I felt like the story was to weak. I did not care about the main character as much as they wanted me to.,3.0,Delivery Man OK,1396051200,"03 29, 2014"
42,1678307,A3N92C1JTN6HX5,B00GHH9HZY,TEE-TEE,"[0, 0]",oaky for a bored Saturday.,3.0,Three Stars,1405814400,"07 20, 2014"
43,1678760,A1FSMXVWQNZAXL,B00GM1X2RO,Susan Robetoy,"[0, 1]",I love this series but there are three episodes missing.  How can you call it a Season with missing episodes.,3.0,FALSE ADVERTISING,1396051200,"03 29, 2014"
44,1678970,A3UT8282ZPMDIT,B00GMV8H9C,Dan Hawks,"[1, 1]","Not the best movie but, Bryan Cranston (Breaking Bad) does a great job in this movie also. I liked the movie although I didn't love it. The story line is not too great. The actors are.",3.0,Good movie,1395619200,"03 24, 2014"
45,1678985,A2HMOCCXJ0CKM3,B00GMV8IGO,alexbaltimore,"[0, 0]","Spike Lee- what the hell?  You took an amazing Korean movie and made it into a terrible attempt at remaking Sin City.  A terrible, graphic-novel like take on a great and easily translatable original.",3.0,Spike Lee- what the hell?,1395705600,"03 25, 2014"
46,1679038,A1597QLY74N20Q,B00GMV8IGO,Kodiak Girl,"[0, 0]",This was way more violent than I expected and the story was not the best. If you like a lot of violence and a main character who is not likable this is your movie.,3.0,Pretty bloody,1396569600,"04 4, 2014"
47,1679365,A1TJLSSL0J0ZHA,B00GMV8LIO,Diana L. Cain,"[0, 0]","Way to much hype for a movie that was just OK. I'm a fan of Jennifer Lawrence and Amy Adams but you can't make a great movie with a subject thats been worked to death. It's wasn't funny enough to be a comedy, violent enough to be scary or romantic enough to be a romance - it was everything but just not enough of anything.",3.0,bummer,1400198400,"05 16, 2014"
48,1679581,A3RP5TGVWJFLCL,B00GMV8LIO,Marsha Hayes,"[0, 0]",I don't get these award winning movies.  i fall asleep.  I guess I have no culture.,3.0,Three Stars,1404086400,"06 30, 2014"
49,1679621,A3CE44SUJDTK34,B00GMV8LIO,NoOneYouKnow,"[0, 0]","The movie's funny in a dark humor sort of way.  It's preposterous but it's meant to be.  The acting is good.  Basically, it's just a bunch scam artist losers running around after money in the 70s.",3.0,People Behaving Badly,1405382400,"07 15, 2014"
50,1679851,A197NXL2K2XPTF,B00GO5I0HU,amazonka,"[0, 1]","I was hoping to watch some amazing kung-fu fights similar to those in Flash Point and Ip Man movies of Donnie Yen. Unfortunately, the Special ID is not the best martial arts movie, so fans will be disappointed here. Apart from one good cars chasing scene, there is really nothing memorable about it. I was under impression that the actors were tired to perform, the fights were boringly sluggish and the overall direction was draggingly poor.",3.0,Not as good as Flash Point,1400371200,"05 18, 2014"
51,1679934,A3ULTDERVTUA5D,B00GOHZLDO,"christopher driggers ""Crowdancer""","[1, 4]","i went into this film with an open honest heartfelt desire to like it, but sadly half way in i found it boring trite and predictable.i wanted to honestly give it a chance but sadly i found myself yawning and thinking to myself i hope it gets better,but it never did.The young actors were sadly very predictable the plot was boring and also VERY predictable.I couldn't get interested in the young man playing the lead and i simply wanted to turn it off half way through.Honestly i regret renting this film and wasting my money. .",3.0,sadly lacking in every way,1394323200,"03 9, 2014"
52,1679950,A1HCCQW16WNY4Z,B00GOHZLDO,RGM,"[0, 0]",NOT AS GOOD AS IT COULD HAVE BEEN,3.0,Three Stars,1404604800,"07 6, 2014"
53,1679957,A1V666Y9QXUUWP,B00GOHZLDO,"tmd54 ""tmd54""","[1, 1]","interesting enough to keep me watching, but nothing that great. l like sam neil, no matter the part he plays. believable, not so much.",3.0,a way to while away some hours,1399334400,"05 6, 2014"
54,1680247,AXO4PQU0XG3TG,B00GRZPRB4,Dwight,"[0, 1]","Watching this movie, I wondered why someone so sweet and pretty and clean looking as the lead actress kept doing nude scenes.  This movie is similar to those 70s exploitation films made in the Philippines and often starring Pam Grier in terms of cheap bare sets and spare dialogue and kind of nonsensical but horrible situations.And then the contradictions in the storyline made me think that this is the companion to I Spit On Your Grave which was famous in my high school years but I never watched until about a year ago and I advise that everyone wait til they are older to watch that movie.There is NO WAY that anyone would star in I Spit On Your Grave out of narcissism.  I think it was an act of kindness on the part of the female lead to further expose the lies about rape and blaming the victim by really showing brutality towards someone so pretty that you would have to be a real dirtbag to hurt them.That's why Sarah Malukul Lane is cast because you just want to smooth her hair back and buy her a creamy cable knit sweater not hurt her as she is repeatedly hurt in this movie.PLUS the people who hurt her also offer her a helping hand because they LIKE her so that is definitely addressing the claims by rapists and mutilators that actually they just had a bad day or they actually lurve their victims.This movie is more than its nude scenes but those nude scenes say a lot about the actress willing to make them because throughout she is really nice as a person and very vulnerable and she keeps being hurt as if - as the Chinese say - the sky has no eye.It's kind of stunning that three movies together tell a tale, make a statement about rape and respond to the excuses and lies of rapists and those who are pro-rape.In order, you should watchI Spit On Your GraveK-11 for Portia Doubleday's performanceand finally this movie, Jailbait.",3.0,the third in a tryptich about educating us on the lies about rape,1402704000,"06 14, 2014"
55,1680589,A1SM9Z3UXV6M0T,B00GSBMNOQ,Kenna Mae Reese,"[1, 2]",This film is too  too sad!  It was aggravating to see the mentality of those Christians/nuns and the suffering those women experienced.,3.0,Those Nuns!,1399680000,"05 10, 2014"
56,1680728,A3H65GBDSJRNO4,B00GSBMNOQ,"Teddy and Me ""JLEE""","[0, 0]",I thought the movie would be much better from the hype it received (and the nomination). It was good but not great. Always love Judy Dench.,3.0,OK.....Entertaining.,1399248000,"05 5, 2014"
57,1681049,A30U7BDGGFHABE,B00GST8U4U,Charleen Stockwell,"[0, 2]","As a blue water sailor, I could not help commenting on the stupid mistakes that led to the disaster. The only surprise is that he survived at all. So many dumb mistakes. At least it was not true.",3.0,Just OK,1395532800,"03 23, 2014"
58,1681293,A1PQO5I6EF3PFZ,B00GST8U4U,Sheryl Peck,"[0, 2]","For a film with no oral script, it was mildly captivating.  It is hard to imagine surviving this kind of disaster and not just giving up.",3.0,Scary,1394496000,"03 11, 2014"
59,1681510,A2DWRWZRRNA9X3,B00GTZWXYQ,giggles,"[0, 0]",Season 8 was kinda good but not as good as the other seasons. I was a little disappointed at the ending.,3.0,Kinda good,1400284800,"05 17, 2014"
60,1681540,ADEA2UPNFDS0C,B00GTZWZH6,A Curious Mind,"[0, 0]","I loved this show, but I'm not a fan of how the last few sessions really went. Its sad, the show had so much potential, but somehow it kept getting caught up with rogue agents trying to steal WH13.",3.0,it was ok,1402876800,"06 16, 2014"
61,1681768,A362AIO0XP1F6V,B00GUO2SKA,Christine Malloy,"[0, 0]",Amazing acting but the story line was rather boring although a reminder of how awful Aids is. Another story about greed and bureaucracy getting in the way of progress...and people die because of it. Ugh!,3.0,Great acting,1395100800,"03 18, 2014"
62,1681777,A1Z77BZWQTRIBM,B00GUO2SKA,"C. Munoz ""Cinexcess""","[0, 1]",Wonderful acting but a somewhat lame story line and very predictable.  It's worth seeing but just not as exciting as I had hoped.,3.0,Great Acting...,1396656000,"04 5, 2014"
63,1681995,A2CQ5CX1TFRKU7,B00GUO2SKA,John Nolan,"[0, 0]",It was kind of anti climatic. I was expecting something more by the end of the movie. wouldn't recommend it.,3.0,OK but not great,1391990400,"02 10, 2014"
64,1682241,A2UOT6J9RDLNAU,B00GUO2SKA,Polli C. Oliver,"[0, 0]","I had heard good reviews about this movie, but i was actually disappointed in it. I got the message about how screwed up the FDA is but the conveyance of the movie missed the mark for me. And the acting was only just ok for me. I don't recommend this movie.",3.0,Missed the mark,1392595200,"02 17, 2014"
65,1682408,A2KP2MT4LSOHME,B00GUO2SKA,Tina,"[1, 3]",This was so depressing.  Aids is such a terrible disease and the ''establishment'' did not much to help out which this movie again proved.Matthew McConaughey was great in the role.  I just prefer more uplifting movies. If I want to be depressed and saddened I need only  watch news programs of events of the day!,3.0,Deserved Oscar but...,1397347200,"04 13, 2014"
66,1682446,A18BGUOWFZ867F,B00GUO2SKA,William Johnson,"[0, 0]","The acting is unbelievable, amazing, and very convincing. I see why the lead and supporting received Oscars. however, the subject matter was depressing and took me back to the 80's when hatred was brutal and dark.",3.0,Depressingly Brilliant,1394150400,"03 7, 2014"
67,1682453,A1S1BJFTA644TU,B00GUO2SKA,Zalmorion the Fantastic,"[0, 1]","First of all, the acting in this film is incredible.  Even the minor characters are portrayed well.  You will love the good guys, no matter all their flaws.  You will hate the ignorant, greedy, and foolish &#34;bad guys&#34; who meddle in innocent peoples' lives.  Leto and McConaughey BECOME different people for this film.  Just amazing to watch.The main issue with this film is that it is a depressing, slowly paced, struggle against enemies who always win because they have the government in their pockets.  It's the feel bad movie of the year.That said, it is very important that we highlight the struggles of the little guy versus the evils of Big Pharma and Big Government.  Movies like this demonstrate and reveal how cruel and greedy and outlandishly stupid the government is.This man's struggle is worth knowing about, but it will leave you with a bad taste in your mouth.  That taste is the need to fix our horrible, intrusive, and incompetent healthcare system and the corruptible government that regulates everything.Definitely worth seeing.  Never worth buying.  It's inspirational and informative.  It's also very sad.",3.0,Great To Know.  Not So Great Entertainment,1395100800,"03 18, 2014"
68,1682789,A38QMB1F8JSL6Z,B00GYVPHHU,lefthandof power,"[1, 1]","The movie scenes often interrupt the concert performance. I hated that. They should have followed the example of Iron Maiden: Flight 666. They have the documentary, where the songs are interrupted by other footage and they have an option where you can watch the concert alone.",3.0,SHOULD HAVE USED FLIGHT 666 AS AN EXAMPLE,1391385600,"02 3, 2014"
69,1682971,AK35M6YF7J82Z,B00H0EN98E,K. Kaphon,"[0, 0]",Quirky comedy with some bloody scenes.,3.0,Three Stars,1404604800,"07 6, 2014"
70,1682980,A18TLTN49UNRX0,B00H0EN98E,Robert,"[0, 0]",Kinda stupid movie. Unbelievable what ppl do for money!,3.0,Crazy!,1405209600,"07 13, 2014"
71,1682982,A1QRLTW4WCM42C,B00H0EN98E,"R. Turnbull ""art lover""","[0, 0]","Somewhat bizarre and certainly not great cinema, but entertaining and a bit disturbing nonetheless.",3.0,entertaining and disturbing,1404432000,"07 4, 2014"
72,1683427,A3GL1RW3IIDP8X,B00H3N3UV8,"jules ""spirou""","[1, 2]","It was really low budget but it worked, the writing and the acting was poor though. It is a good premise.",3.0,"Small budget, good idea.",1394668800,"03 13, 2014"
73,1683594,A394AF4TZK8WJO,B00H4IR3JC,"suzietoo ""sci-fi reader""","[0, 0]","This movie was not outstanding, but lessons were there as well as caution when dealing with people in a panic. The subtitles were, I believe, rough translations, which caused bad acting. But I don't think the writers and director had great acting in mind. They wanted to show the truth about the horror of an epidemic in a major city.",3.0,An Epidemic Can Effect Everyone!,1399420800,"05 7, 2014"
74,1683955,A19DC5DBKRZ7JS,B00H7KJRVY,Adeline,"[0, 0]",Not great but good entertainment.,3.0,Okay for a saturday night movie,1404777600,"07 8, 2014"
75,1684124,AK3O2SY6AY679,B00H7KJTCG,Bearnu,"[0, 1]","Good entertainment. Not great, but OK",3.0,Fun Movie Pretty Steady Plot,1404259200,"07 2, 2014"
76,1684159,A1X3GHUIYI9XMJ,B00H7KJTCG,Denn,"[0, 0]","And like others I wanted to like it.  But, the pathos is so think you can cut it with a dull butter knife.Too thick.",3.0,Technically good,1399420800,"05 7, 2014"
77,1684523,A2EQD0UIDAA08I,B00H7LINKE,Irene J. Hieber,"[0, 0]","Good acting, depressing movie.  Just a little overboard",3.0,Three Stars,1405296000,"07 14, 2014"
78,1684527,A04740333HUOPRGNFV2HM,B00H7LINKE,Jackie,"[0, 0]","It was ok, but I wasn't that pleased with it. It was confusing, and not what I thought it would be.",3.0,August: Osage County,1398211200,"04 23, 2014"
79,1684566,A3OAX7WCNZBJ4I,B00H7LINKE,Judy S Farron,"[0, 0]","Acting was good, but I was disappointed by the movie overall.  I'm not even sure why.  Would not recommend this movie..",3.0,Disappointing,1398643200,"04 28, 2014"
80,1684642,A2YO38M6L16K1Y,B00H7LINKE,Pam NYC,"[0, 0]","If this stellar cast of actors were not in this film, I would have shut if off in five minutes.  To watch a seriously dysfunctional family for an entire movie is bound to be SAD and DEPRESSING!",3.0,Great Acting; DEPRESSING Movie!,1402358400,"06 10, 2014"
81,1684648,A1GIAGNVGNYWT4,B00H7LINKE,pennypincher,"[3, 5]","Great Perfomances by the most talented actors...but, if you've ever had to suffer insufferable relatives, uncomfortable thanksgiving dinners or funerals and their aftermath,..(SPOILER)..i found myself envying the character that killed himself early on..",3.0,Ugh...,1397088000,"04 10, 2014"
82,1684663,A3OC84MTY0C6KC,B00H7LINKE,RK,"[0, 0]","Good acting by Meryl Streep and Julie Roberts, but overall a depressing movie about a screwed up family. If you think your relatives are worthless, watch this movie",3.0,Dark,1398297600,"04 24, 2014"
83,1684736,A2MORASKNQYQAN,B00H7LINKE,William Gustafson,"[0, 0]",Lots and lots of very bad language not suitable for adult ears.  Actors do their best to deal with a really bad story line.,3.0,Disfunctional Movie Portrays a Disfunctional Family,1397865600,"04 19, 2014"
84,1684746,A26090C7U3P1J,B00H83EUL2,2 Fires,"[0, 0]","When it was over I thought, &#34;Is that it?&#34; Not bad, but not great either.",3.0,A Little Overrated,1404345600,"07 3, 2014"
85,1684748,AZV9PA8JPVX8Y,B00H83EUL2,3marts,"[0, 0]","I know this got rave reviews, but I wasn't a huge fan.  Bullock is great in it, but the movie itself wasn't good.",3.0,Gravity,1402185600,"06 8, 2014"
86,1684801,A1WEVFLBF0ZHY7,B00H83EUL2,Amazon Customer,"[3, 27]",This movie was visually fascinating but it was very painful and annoying to sit through 90 minutes listening to Bullock's screams. It's not human. Is this what she sounds like when she orgasms??,3.0,Sandra Buttock's screams were annoying!,1391817600,"02 8, 2014"
87,1684810,A29WJ8NE3IMZCK,B00H83EUL2,Amy Makowski,"[0, 0]","I like both actors in this movie, but I really wasn't entertained. It was cool to &#34;see&#34; space and how it might be up there... But the story line was a little bit of a downer and not super exciting.",3.0,"Cool to learn about space, but not entirely entertaining",1403049600,"06 18, 2014"
88,1684849,ASSU4J6VV0K7W,B00H83EUL2,barrel,"[1, 2]","My husband and I were anxious to see this, but we were really disappointed.  We found it pretty boring.  Good special effects, though.",3.0,Disappointed,1394496000,"03 11, 2014"
89,1684875,A4GGT6O0GQNV2,B00H83EUL2,BKarno,"[2, 5]","I know everyone loves this movie, but I just didn't see what all the hullabaloo was about.  Terrible scientific accuracy didn't help either.",3.0,Put me to Sleep,1394841600,"03 15, 2014"
90,1684917,A378AEOP6UAWLN,B00H83EUL2,Capt;'n Jon,"[0, 1]","An entertaining movie, but not great.  The special effects are fabulous, but the plot line is strained and the character development is shallow.  I'm glad i watched it on amazon, and didn't pay a movie theatre price.",3.0,entertaining but not great,1395705600,"03 25, 2014"
91,1685203,A382F17HSJL0M7,B00H83EUL2,FreeMike1001,"[0, 1]","good sense of zero gravity, low friction. Bullock character unbelievable. Even NASA wouldn't send an emotional wreck into space with 6 months training.",3.0,ok survival flic,1396310400,"04 1, 2014"
92,1685249,A1OCJHX2COAS2Y,B00H83EUL2,"gpstogo ""Lee""","[1, 2]","The story is weak and acting roles ordinary. Special effects good but that's really about it. I was surprised at being disappointed when watching it honestly. It's almost like the producers said ... 'we're bored, let's do something .. hey, maybe something about people getting lost in space or something?' Disappointing film.",3.0,Not worth it.,1397174400,"04 11, 2014"
93,1685266,A1WQ9VYNAQZ14R,B00H83EUL2,HAPPY777,"[0, 0]","SANDRA BULLOCK AND GEORGE CLOONEY LOST A BIT OF GRAVITY ON THIS ONE.  LOVE-LOVE-LOVE BOTH, BUT THIS MOVIE JUST WASN'T THAT GOOD FOR ME.  SORRY BUT TY!",3.0,"SANDRA BULLOCK, GEORGE CLOONEY GOOD BUT SLOW WATCH",1403481600,"06 23, 2014"
94,1685356,A3OGM8EENBL2WD,B00H83EUL2,"JCW ""MusicMan""","[0, 0]","The acting in the movie is very good, and it will have you reflecting upon life themes such as isolation, persistence and death.",3.0,A Free Fall Into Existential Angst.,1394582400,"03 12, 2014"
95,1685391,A21XBOMLGMPLWO,B00H83EUL2,Jim,"[0, 0]","This show was mostly interesting for the scenario it highlighted&#8230; the fear, isolation, helplessness and a will to live. (one)",3.0,Interesting Predicament,1394841600,"03 15, 2014"
96,1685577,A3EFMNO9IC9FQU,B00H83EUL2,L. King,"[0, 0]","Movie had great visual effects (must watch in 3D to get the experience), but a little weak on the story.  Best part was watching George Cloony die.",3.0,Great Visual effects,1396483200,"04 3, 2014"
97,1685616,A3HXQ29RAR80ES,B00H83EUL2,Maria Corbett,"[1, 1]",This movie was very slow and I would not recommend it.  Over the edge with the doomsday effect on space stations!,3.0,Boring at times,1399766400,"05 11, 2014"
98,1685796,AL2R5TDRGREGJ,B00H83EUL2,"Patricia Bundy ""bibliothec, fancy name for bo...","[0, 0]","Was not what I was expecting, little disappointed.",3.0,little disappointed.,1404777600,"07 8, 2014"
99,1685813,A2V398QWSAH0YQ,B00H83EUL2,PB,"[0, 0]",Ok . Good for all ages but not great!  Very simple somewhat annoying after a while. Ending had a lot to be desired but no sex or language issues so the entire family can watch which is hard to come by at times .......and that's worth a star.,3.0,All ages can watch that's the best thing about this movie,1405296000,"07 14, 2014"
100,1686262,A19OVXWMT0ID0F,B00H8N5IQS,hannah ontjes,"[2, 4]","I can't give jillian one star and I must admit the cardio was decent and jillian was better behaved. But the set is terrible terrible. I also seem to have a ""flash"" in my eyes. It's difficult to see the exercisers and the lights in back hurt my eyes. :/",3.0,jillian...just...no.,1396483200,"04 3, 2014"
101,1686499,A335YI1ACEXFET,B00H9HZGQ0,Noneya,"[0, 0]","Falling in love with a computer is an Interesting idea, but the guy is just too gullible for me to take seriously.",3.0,Nothing special,1401148800,"05 27, 2014"
102,1686969,A3261QL3AVRPO0,B00H9KKGTO,kim johnston,"[0, 0]",I miss the '80s,3.0,Three Stars,1405555200,"07 17, 2014"
103,1687006,A2MZDXW018TVJE,B00H9KKGTO,L. John,"[0, 1]","Maybe not a fair rating of the movie. I just didn't like this character, and I didn't love to hate him. I just didn't enjoy watching him do his thing and therefore didn't get much from this movie.",3.0,"Well, I didn't like the guy",1397865600,"04 19, 2014"
104,1687169,A3HQU0J8MJP8IQ,B00H9KKGTO,"RICHARD D. ANTHONY ""Land based Antonucci""","[0, 0]","LEGAL PORN! STORY LINE WAS ALL SCREWED UP. SOME OF THE PHOTOGRAPHY LOOKS LIKE IT WAS SHOT IN THE BACK YARD. EDITING WAS TERRIBLE. LEONARDO IS PROBABLY IN HIDING AFTER MAKING THIS.  IT'S A WASTE OF HIS TALENT, EVEN THOUGH YOU CAN TELL HE REALLY WORKED HARD!",3.0,DEFINITELY DECADENT!,1396137600,"03 30, 2014"
105,1687537,A1GPUUCF8BDNP6,B00H9L26AA,jthetex,"[0, 3]","I would've given a higher rating, however the add on music and background was sharp and loud, BUT the dialog was drown by bad sound people.VERY UNFORTUNATE!",3.0,BAD SOUND,1393545600,"02 28, 2014"
106,1687672,A31WXGFN6EBYUG,B00H9L26AA,preschoolteacher,"[0, 0]",It was okay and entertaining but not Oscar worthy.  It was not great but not the worse thing I've watched either.,3.0,Nebraska just okay,1401321600,"05 29, 2014"
107,1687705,A2IIJI7MNGQLIR,B00H9L26AA,Ron Ried,"[1, 1]","Good movie but not great, worth viewing.",3.0,Three Stars,1404864000,"07 9, 2014"
108,1687833,AZ7UVTESMW60P,B00H9LHVHI,Flannel Quilter,"[0, 0]","OK not great, by the middle of the movie I wanted to smack Kate Winslet, weak women drive me nuts.",3.0,Wait for Amazon Prime,1404777600,"07 8, 2014"
109,1687852,A3BG34W902D0UJ,B00H9LHVHI,Irene Maloney,"[0, 0]","I liked the movie, sad but, unfortunately,  true for a lot of people.",3.0,Three Stars,1404259200,"07 2, 2014"
110,1687893,A1B7Q22I53WHQJ,B00H9LHVHI,"MJC ""mjc1676""","[0, 0]","Not gonna spoil it for ya but I just was so disappointed in how it turned out, it was really depressing",3.0,It was ok,1401926400,"06 5, 2014"
111,1687990,A39NGUGD7YS6HG,B00HDAG7DO,Kzoodad,"[0, 0]","This is no disney movie, no under the cuff jokes, no visually pleasing graphics, and a lame plot.  But, my daughter loves it and because of that I would buy it again and again!",3.0,"Hard on the parents, my the kids love it",1395532800,"03 23, 2014"
112,1688130,AGW4PTW7LGE8F,B00HEPC0TS,benji,"[0, 0]",good typical action movie---mc club had a bad time with Statham beating up everyone. he does not hold back as usual--the law was not effective in this movie,3.0,home front,1394323200,"03 9, 2014"
113,1688215,ANCJ0F675T25Z,B00HEPC0TS,Jared,"[1, 2]","If you like Jason Stathem movies then this is for you.  Same thing.  Something bad happens to him or someone he is involved with, he is a former soldier.  He uses those skills to kill everyone blah blah blah.",3.0,Same Ol Same Ol,1394582400,"03 12, 2014"
114,1688312,A14XOXP504AX08,B00HEPC0TS,PequodII,"[0, 0]",Kick ass again and again!,3.0,Three Stars,1405641600,"07 18, 2014"
115,1688321,A1OFLCXX1D544L,B00HEPC0TS,Richard B,"[0, 2]","This movie had a lot of action but lousy acting. Jason Strahan usual performance, Kate Bosworth never looked so bad and Winona Ryder was awful and the Gator Bodean character needs better scripts.",3.0,Average movie,1395100800,"03 18, 2014"
116,1688526,A69MDO94E5F72,B00HEPDGKA,Grammy Mimi,"[0, 0]","Even though this was based on a true story and we know how violent and disturbing life was in feudal Japan,I was surprised to see the violent nature of the movie. I don't think this would be a good movie for children of 13 or under to watch.",3.0,47 Ronin,1398211200,"04 23, 2014"
117,1688760,A3D0MT6MH2RTUU,B00HEPE6MM,"Amazon Customer ""Computer DOC""","[0, 0]","There was a lot of action. The depressing aspect of the movie was when the soldiers were having an argument about whether to kill the Afgan shepard and his sons. they were in the dilemma of being PC, worried about public opinion and CNN,( in a battle situation, for God'd sake !) rules of engagement, when making the decision to kill or not the potential informants, The let them go, trying to be&#34;good Americans&#34; and &#34; set an example of good Americans to the world&#34; .This decision got them killed. Stupid is as stupid does.",3.0,Lone survivor,1402358400,"06 10, 2014"
118,1688858,A2JB5QIHSNV7A4,B00HEPE6MM,Dmacmunn,"[0, 0]","I liked the message but some of the battles were over dramatized and it really hurt the film as a whole. When Hollywood is dealing with true stories they need to rely on the truth to be interesting and not add all the extra action and over dramatic dying scenes. The fact these men died the way they did is enough to make us tremble, we don't need to see a soldier slowly die for five minutes.",3.0,Over Dramatic but a great message,1403740800,"06 26, 2014"
119,1688917,AJ5ETUU987WCJ,B00HEPE6MM,Holger Adami,"[0, 0]",My mistake to have read the book first.,3.0,Three Stars,1405555200,"07 17, 2014"
120,1688972,AYJ0FDADHVXG4,B00HEPE6MM,Joseph P Kennedy,"[0, 0]","Gripping...somewhat violent,",3.0,"Gripping... somewhat violent,",1404604800,"07 6, 2014"
121,1689046,A1O0U03P2LVCY0,B00HEPE6MM,Mntijo,"[1, 2]","It is like every other military movies about war in the middle east. And why are we there, no one knows!",3.0,predictable,1402358400,"06 10, 2014"
122,1689085,A2ZZ2XEZN04KBG,B00HEPE6MM,ProgSociologist,"[2, 4]","Well-made but full of militarist clich&eacute;s: the good guys have families, the bad guys don't; the good guys can walk on broken legs, bounce up after falling down mountainsides and get shot 20 times without dying, while the bad guys are far more mortal; the good guys are handsome, the bad guys disfigured (no earlobes, scars, etc.).  Product placement for Under Armor and Raytheon is blatant, but the predictable everyone-in-uniform-is-a-&#34;hero&#34; trope, while present, is quite muted.  Although intended to be pro-military, the movie inadvertently contains a refreshingly discordant strand: if you enlist in the military you may die a pointless death that leaves your family bereaved no matter how &#34;good&#34; (character and/or skills) you are.  Should give people pause before signing their lives away.",3.0,Kinda cuts both ways,1404864000,"07 9, 2014"
123,1689391,AQXVDPXWOJLH3,B00HF95SEC,Mr. Hanie,"[0, 5]",Pitiful effects....you have to get better to compete with The Walking Dead and Romero's movies. Do your homework in making your effects better.,3.0,Pitiful!,1395446400,"03 22, 2014"
124,1689393,A394AF4TZK8WJO,B00HF95SEC,"suzietoo ""sci-fi reader""","[3, 5]","I think the locale of this movie made it interesting. Probably filmed in Israel. Acting wasn't bad, though I did catch some dubbing. It didn't lack in action and lots of gore. But zombie movies are still about the same. Chase, kill, eat, kill some more.",3.0,Worth Watching,1397174400,"04 11, 2014"
125,1689695,A3RFHH04X0P9AC,B00HHYF570,jessica,"[0, 0]","not so much dude , watching average losers and weirdos makes me feel awkward, in real life and on tv. im no hater you know. do you . i aint mad. you know who they are. sorry willem , not your best choice in scripts. fire your agent. proabably a good movie for tweens",3.0,uhhh can i have my hour of my life back please,1405382400,"07 15, 2014"
126,1689849,A1XT8AJB7S9JJG,B00HHYF570,Tony Heck,"[0, 0]","&#34;I may see dead people but then, by God, I do something about it.&#34; Odd Thomas (Yelchin) is a fry cook with a secret, he sees dead people. Most of the dead people he sees are harmless and just annoying but when a stranger shows up with a group of ghost bodachs Odd knows that is up to him to stop them. Along with his girlfriend Stormy and the sheriff (Dafoe) Odd must stop the destruction before it's too late. Before I begin I should say that I have never read the book so I didn't know what to expect from this going in. The movie itself wasn't that bad but it did have one problem. A movie like this with this subject matter shouldn't take itself as serious as it did. Movies like Dylan Dog, Dead Before Dawn and R.I.P.D. all have the same basic idea and they were all more comedy then anything which made them cheesy but watchable. This one stayed away from the comedy aspect and I think that hurt it, to me anyway. I think that trying to be a straight action/horror movie wasn't the way to take this one. Overall, a movie that was OK but I think suffered by taking itself too seriously. I give this a B-.",3.0,Being a straight action/horror movie wasn't the way to take this. It was OK but I think suffered by taking itself too seriously.,1393027200,"02 22, 2014"
127,1690057,A1OC44Q6V9TT0G,B00HLSW6TW,Amazon Customer,"[0, 0]",The movie was fair but very slow paced.  Not enough adventure for a hercules movie and not enough special effects.,3.0,Not the typical hercules,1400544000,"05 20, 2014"
128,1690147,A1W4MLN9J8CXEV,B00HLSW6TW,Kevin Joyce,"[0, 0]","Fun for what it was, mindless",3.0,Three Stars,1404691200,"07 7, 2014"
129,1690153,A2M7CYCDDC4UPK,B00HLSW6TW,Linda,"[0, 0]",OK I was disappointed in this movie. The storyline didn't hold true to Greek mythology.,3.0,Three Stars,1405641600,"07 18, 2014"
130,1690163,AZ63RPBK0S2FA,B00HLSW6TW,M D Morgan,"[0, 0]",Really bad acting and scripts,3.0,Three Stars,1404950400,"07 10, 2014"
131,1690216,A2X74YQ0JDIKSD,B00HLSW6TW,Tommy Graves,"[0, 1]","Like watching an early Arnold Movie. Movie was decently made, had a good look just bad acting. Bette than Conan the destroyer but not as good as Barbarian.",3.0,Popcorn Entertainment,1396828800,"04 7, 2014"
132,1690308,A10HZVT7ZQEOP1,B00HLTD2OE,Nicole Smith,"[0, 0]",it was okay. Not awesome.,3.0,Not awesome.,1404691200,"07 7, 2014"
133,1690346,A1RTWLCL27WF7N,B00HLTD3ZW,Adam,"[0, 0]",Not a bad movie.  I didn't like seeing Liam Neeson play such a week and damaged character.,3.0,not bad not great,1404604800,"07 6, 2014"
134,1690597,A1PST35TZYZAFF,B00HLTD3ZW,Rick,"[0, 0]",Good flick. Right up to the end. Needed five more minutes to finish without a rushed feeling. Blah blah blah,3.0,Non-Stop,1404172800,"07 1, 2014"
135,1690785,A4GGT6O0GQNV2,B00HNGZHDE,BKarno,"[0, 1]","SPOILER ALERT: In a nutshell, this movie was just okay.  Sure, the effects were superior to the original, but the storytelling was weak and I just didn't connect with the characters.  In the original film I wanted Clarence and Dick to die so bad I could taste it.  In this movie I really don't even know exactly how he was able to overcome the &#34;Red Asset&#34; restriction to defeat Sellars.  And that thing with Sam Jackson at the end was just stupid.  It was a good purchase, but I'm glad I didn't waste time in the theater to see it.",3.0,Just Didn't Have the Magic of the Original,1404777600,"07 8, 2014"
136,1690948,A228AAQ2F4L3M3,B00HNGZHDE,Mondoe,"[0, 0]",Not as good as I felt it could have been. Actually was border line lame at times. Its a damn shame since the story line has so much potential.,3.0,So so,1402185600,"06 8, 2014"
137,1691068,A3HC57FX69QVOD,B00HNGZJR8,GodKeptsMe,"[0, 0]",Movie was awesome but the video quality was bad.,3.0,Three Stars,1406073600,"07 23, 2014"
138,1691241,A2N3EE06NE7O2B,B00HNTOYQC,Angela Holton,"[0, 0]",I really enjoyed the first half hour.  I am not a huge fan of horror films so the introduction of the succubus made the movie less appealing to me.,3.0,Fun idea that went a bit sideways for my taste,1394582400,"03 12, 2014"
139,1691278,A1MD4MXA8BXRSF,B00HNTOYQC,jmt,"[1, 2]","This was okay, but not great.  It started out funny, and the whole role playing genre has so much comedic potential.  They even had a really good cast.  Unfortunately, they turned it into some kind of weird, supernatural, demonic, gore-fest thing that was not funny and not well done.  Too bad.  A wasted opportunity.",3.0,Could have been so much better.,1395705600,"03 25, 2014"
140,1691569,A11BH3J9RTHW5J,B00HQOFAKI,Loves Dogs,"[1, 2]","Fun teen-type movie, but difficult to follow the story line.  No thrilling moments like the ones typically associated with vampire movies.",3.0,Fun Movie,1402963200,"06 17, 2014"
141,1691598,A1NSX186I4GQLX,B00HQOFAKI,Sic,"[0, 2]","Region A.About the movie: Certainly not as bad as 90% of this year movie or TV batch.This is teen girl romantic fantasy, not at its best, but still building its universe, telling a story that didn't felt strictly copy-pasted. The production and the acting felt a little bit low budget, unfocused and amateurish (bad CGIs wolf or hell dogs) but if you're in this kind of story, this won't be a complete waste of your time.Image: Correct.Sound: Correct.Bonuses: Correct.",3.0,Vampire Academy US blu-ray,1403481600,"06 23, 2014"
142,1691774,A2CMH39OB7MTE7,B00HRUQ8HK,"H. M. Hadley ""Northwest reader""","[0, 0]","I thought this would be fun, but it turned out to be kind of dark and sad.  Also, it was strange to see so many yard sales at BIG houses--real mansions--which seemed like odd settings.  Basically the mystery is just kind of mundane:  a woman is found dead; was it an accident or was she murdered?  That's it.  The only real up side to the movie was that the main character's family were down-to-earth individuals.  It's a relief to see a husband and wife who actually like each other and get along with their children!",3.0,"Nothing New, Just Routine",1404691200,"07 7, 2014"
143,1692436,A1IH0F8NJIL8E3,B00HUTPKJK,Movie 2'sday,"[0, 0]","Puncture wounds can be very dangerous and can cause permanent nerve damage to any extremities affected by the puncture fo sho y'all, so be strong and insist on &#34;no puncture at this juncture&#34;!!!!",3.0,No puncture at this juncture!!!!,1400112000,"05 15, 2014"
144,1692725,A39T9LASIYKN1L,B00HW3EZZE,lalaw,"[0, 0]",was as advertised...the viewing of the movie...was stupid...,3.0,was stupid..,1405382400,"07 15, 2014"
145,1692780,A108UXJTIV8XXY,B00HX0KIAM,Bryan67,"[0, 1]",This was a good way to kill a few hours but it wasn't a great movie.  I was expecting something closer to Rush Hour type humor.,3.0,Not Great but Not Awful,1396828800,"04 7, 2014"
146,1692865,A1ASEZSAJBL10W,B00HX0KIAM,Louis Heller,"[0, 0]","overall it was ok, I liked it but didn't love it , it had it's funny moments but at times was just plain stupid...",3.0,OK..,1398729600,"04 29, 2014"
147,1692873,A1HR112HLBQFHE,B00HX0KIAM,MH,"[0, 0]","Another &#34;rough and tough cop guy with an unexpected comedy relief companion&#34; type movie.Really not a brain teaser on the plot, but entertaining.Kevin Hart gets a little annoying, though...In the end, they kill all the bad guys and he gets to keep the girl.  Predictable.",3.0,"Eh, it was okay",1399248000,"05 5, 2014"
148,1692915,A1IWR4YH4ZA9BM,B00HX0KIAM,"Suzanne Schumacher ""nocht2late""","[1, 1]","Not sure if this should get a three or a one, but I am giving it the benefit of the doubt and letting it have three.  Poor Ice Cube....a cop riding along with a dimwit.....and Poor Ice Cube....having to play this part.  And I feel sorry for his partner that played a wimp very well.  Awful.",3.0,Not Sure,1400284800,"05 17, 2014"
149,1693494,A2V7T83OMMULI0,B00I4DSDE0,G2 Fine,"[0, 0]","The immigration and drug smuggling problem has been around for a long time. This story demonstrates a version of what could happen. The story is not complex , it was predictable. The actors were a bit weak in their roles. I don't think the cartels are quite as stupid as portrayed here.",3.0,Mind Your Own Business,1405468800,"07 16, 2014"
150,1693587,A2R6BGGIGE3F95,B00I5SIATC,John W. Lawrence,"[0, 0]","Good entertainment; but, not an award winner.",3.0,Three Stars,1405641600,"07 18, 2014"
151,1693603,A1X51ZMMX35OCC,B00I6JOD8M,Aimee,"[0, 0]",Nothing especially good or bad about the movie as a whole.,3.0,Three Stars,1405641600,"07 18, 2014"
152,1693615,A2PKBXVGTZIADP,B00I6JOD8M,"Bob Teatow ""Bob Teatow""","[0, 0]","Fantasy, Heaven and Hell ....",3.0,Will Smith as Lucifer!,1404777600,"07 8, 2014"
153,1693713,A1IH0F8NJIL8E3,B00I83WKSQ,Movie 2'sday,"[0, 0]","Take away ""BAD"" from the title and put the word ""STANK"" and this may better describe this greasy duo fo sho!!!!",3.0,BAD or STANK?? You decide?!?!,1400112000,"05 15, 2014"
154,1694233,A3U3RFL0XE4F7V,B00IINW6IK,THE GHOSTSTAR     ORIGINAL,"[2, 3]","This has got to be a made for t.v. movie...it even blacks out,between sceans, as if the commercials have been removed.Patrick Gallagher is a good enough actor ..i noticed him first in (HELL ON WHEELS) as the union LT.THE ACTION IS PRETTY STANDARD with 1...2...3... FIGHTS,.... with no real great moves.Its just ok, if you have seen all the other new releases in the action film department.If you miss this film,... no big deal!!!",3.0,MADE FOR T.V.MOVIE AT BEST,1399852800,"05 12, 2014"
155,1694257,A3RRE5K7A0G789,B00IJS2NZU,amy wilson,"[0, 0]",Most of the movie was OK but did not like the ending sometimes they really make the endings so ridiculous.,3.0,It was an OK  movie,1400198400,"05 16, 2014"
156,1694308,A18758S1PUYIDT,B00IJS2NZU,Viva,"[0, 0]","Yes, it is a found footage film, but if you can get past that, the story is fairly decent.  I could have used a closer look at the little evil baby, but what happens before it's born is what's really scary.",3.0,Better than some say it is,1401321600,"05 29, 2014"
157,1694419,A22CV74TYP6YBO,B00IKM5MIA,Barbara Thomason,"[0, 0]","Jake Gyllenhaal is good as always, but Enemy is weird.",3.0,"Good, but odd.",1404518400,"07 5, 2014"
158,1694575,A1ICAHY1ZAQC92,B00IKM5OTW,Colorado Citizen,"[0, 0]","What might have been a good character development film quickly dissolves into you, the viewer, watching as the main characters become willing victims of their own mental issues; or &#34;baggage.&#34;  Jessica Lange is one of my favorite actors - authentic and believable in most films she has done.  This was different.  She and her son have almost an &#34;Oedipus&#34; relationship, and his murder triggers some horrific almost sic-fi type events.  The soft-porn was done well - the young wife of Jessica Lange's now dead son, feeling tricked into marriage and sorely lacking love in her life, is swept into a relationship with her husband's best friend.  But from that moment on the film story spirals down into a psychological study of murder and suicide??!!?? As the two young people lay by the river's edge in the throws of death - after drinking their intentionally poisoned wine, Jessica Lange (who has had a debilitating stroke) looks on - with her stroke-ravaged face in triumph at their death.  They had drowned her son, and she had her revenge - but to want advantage?  I do not recommend this film, unless you think you can make more sense of it than I did.",3.0,Disintegrates into psychological horror film,1403395200,"06 22, 2014"
159,1694731,A3BI08FJNQ9DY2,B00IQAUO2A,Andrew J Taylor,"[1, 1]","Solid enries in the later Heisei era Godzilla films. Lots of good Godzilla vs Kaiju. Lots of destruction. Of these two Mothra is the standout. Neither are as top notch as Godzilla vs Destroyah, Godzilla Tokyo SOS or the Batsh@t insanity that is Godzilla Final Wars.",3.0,Good solid Godzilla movies,1402876800,"06 16, 2014"
160,1695185,A3U3RFL0XE4F7V,B00J0BTESO,THE GHOSTSTAR     ORIGINAL,"[1, 4]","If you think your going to get the (HURT LOCKER),(BLACKHALK DOWN),or (LONE SURVIVOR) you are not..!This film moves at a most boring pace with more drama than action.The plot is non exsistant and it looks like a bunch of poorly equipped actors wondering around rehearsing poor dialouge.If you like American war movies ,....this film will waist your time...",3.0,3 STARS FOR EFFORT ONLY*,1400803200,"05 23, 2014"
161,1695214,A3ML01ZUIZUYEZ,B00J0IN6Z4,Lisa P,"[0, 0]","Interesting, but too sad.",3.0,Sad movie,1403827200,"06 27, 2014"
162,1695215,A2OCBHVZX5KQYC,B00J0IN6Z4,Liz.,"[0, 0]","This Movie was very well Acted, but I found it very Disturbing and I wouldn't watch it again, it's a True story of these Young Boys that got Murdered, it was really Sad that's about all I can say on this Movie it's for Adults only I think.",3.0,it was really Sad that's about all I can say on this Movie ...,1405641600,"07 18, 2014"
163,1695255,A1KIQ4P4ZW3ALF,B00J0IQISG,G. Teslovich,"[0, 0]","You have to have a brain that releases the reward hormones, etc. that are excited by horror and gore to sit through this Aussie rendition of a ""not-so-nice-person"" gleefully and with good Aussie nationalism dismember visiting hiking tourists or any others of similar persuasion who upset him or for that matter simply anyone who upsets him.Well acted. The usual pursuit of the prey scenes, but what makes this three vs. four or five stars are the stupid decisions of our prey. A common problem in this genre and it's not clear if it's written into the script on purpose to annoy viewers or the writers simply need to prolong the agony to fill 90 minutes or they just don't have a good understanding of thinking under pressure.",3.0,Don't be a tourist in Aussieland.,1404432000,"07 4, 2014"
164,1695258,A3BK4862BVLQ1S,B00J0IQISG,J. Daniel Spratlin,"[1, 3]","What&#8217;s it about?A serial killer in the Australian outback returns to terrorise backpackers.What did I think?If there was a &#8216;gore comedy&#8217; genre this would fit right into it. Whereas the original Wolf Creek was a thriller featuring a tireless psychopath, the second offering has chosen to paint the sociopath as a wisecracking xenophobic racist. He&#8217;s still relentless but much more sadistically slapstick. It helps that the victims make so many stupid choices you&#8217;re almost cheering for the killer but it doesn't change the fact the sequel is far lighter and inferior. The &#8216;based on true facts&#8217; is a bit of mishmash of loose claims but if you&#8217;re going for entertainment rather than history you probably won&#8217;t be disappointed.Not quite horror, not quite comedy, not quite torture porn. But attempting to make the main character more likable AND the poster child for anti-immigrant protesters? That could be the most horrific call of all.",3.0,Wolf Creek 2 quick movie review,1401667200,"06 2, 2014"
165,1695328,A2VKZOXDJ4YOHE,B00J2MPZQG,Amazon Customer,"[1, 3]",Another predictable story about utterly clueless Americans wandering around the third world and shocked when  they discover they're not in Kansas anymore. Wake up folks. The third world is dangerous and corrupt. Avoid trouble before it begins.Gina is getting better and with the right story and a better director might break out.,3.0,Gina is watchable,1399161600,"05 4, 2014"
166,1695439,A20V0W1K1RRQWL,B00J4LMHMK,clayton s rowell,"[0, 2]",I love the fight seen,3.0,Three Stars,1404864000,"07 9, 2014"
167,1695515,A591NQ8VDT9CF,B00J4LMHMK,Tennespeedy,"[0, 0]","I made it to the end, but wanted to stop a few times as it got boring. Just didn't keep my attention.",3.0,It was a good attempt but...,1397347200,"04 13, 2014"
168,1695527,A394AF4TZK8WJO,B00J4LMIB0,"suzietoo ""sci-fi reader""","[1, 1]","A fairly large group of people who walk through a white light and are instructed to run a race. An ominous voice gives the rules. If any of the rules are broken, a horrible death occurs. No one knows who the voice belongs to. And there are quite a few people that you would not want to compete with. There are children included, which I didn't like at all. That said, the movie has great acting, it also has plenty of blood and gore, so if you are thinking of watching Human Race, be warned.  After I watched it, I was exhausted more than frightened.",3.0,A Matter Of Life Or Death,1403136000,"06 19, 2014"
169,1695689,A76TFV9OI2C5Q,B00J5LXQKQ,Michael A. Biel,"[2, 4]","Average, cool shots of India but story line weak and predictable.",3.0,cool shots of India but story line weak and predictable,1404432000,"07 4, 2014"
170,1695851,A19I6616N6PJCZ,B00JA3RPAG,"Alfred D. Bolden ""Old Guy""","[0, 0]",This film is better than the 24/7 news cycle and was intertaining but not Costner's best film kill time with it.,3.0,Not Costner's Best,1403654400,"06 25, 2014"
171,1695874,A2KIY4F6QMOLFC,B00JA3RPAG,Caveman EMT,"[0, 0]",A pretty normal spy/dad with family trouble.  Killed a couple of hours and got to see Paris get shot up.,3.0,Not bad,1404172800,"07 1, 2014"
172,1695899,A29JNAD0IA18J4,B00JA3RPAG,DANNY PARNELL,"[0, 2]","This is a good movie but it would be only worth $3.99 the rental price. Nothing spectacular just another fast car, killing movie.",3.0,Thats all its worth.,1400889600,"05 24, 2014"
173,1695931,A1H8YIVCKAK2IK,B00JA3RPAG,Frank Goodman,"[0, 0]",Not the best Costner flick but OK. Totally unbelievable premise and action scenes but don't let that stop you. Grab some popcorn and kill a couple of hours.,3.0,Average action movie,1403222400,"06 20, 2014"
174,1695949,ANBYFS0SVUZO2,B00JA3RPAG,helena,"[0, 0]",The movie does have action and shooting but it seems to be different....like something is missing. Didn't like the storyline when he got sick. And like that his boss was a female. To me that was kinda dumb. But its an ok movie to watch I guess.,3.0,3 days to kill,1400803200,"05 23, 2014"
175,1696133,A3O3GOWB1W51DO,B00JA3RPAG,YucaipaDan,"[0, 0]","A fun entertaining film, moderate action, story line was the problem? Not sure why or what, a few over the top action, with troubling results? Costner was okay, the cast was anther weakness!",3.0,"A fun entertaining film, moderate action, story line was the problem?",1404777600,"07 8, 2014"
176,1696198,A3OH59FU25SUPG,B00JAQJMJ0,Crafts lover.,"[0, 1]","Expected more according to trailers. Too long and boring. When you get to the end credits, you understand why. It is based on the &#34;notes&#34; from Stefan Zweig. Sometimes boring to the fault and sometimes brutal.",3.0,Too long and boring. When you get to the end credits,1404691200,"07 7, 2014"
177,1696290,A5V86ZH25N5JB,B00JAQJMJ0,Kathleen Warren,"[0, 1]",It was just so so. Would not recommend.,3.0,Would not recommend.,1405036800,"07 11, 2014"
178,1696293,A1BABMN4WLXGAH,B00JAQJMJ0,K. Gonzalez,"[0, 0]",Strange and humorous. It's odd with a great cast....,3.0,It's odd with a great cast.,1405641600,"07 18, 2014"
179,1696410,A34UA7492B9E9T,B00JAQJMJ0,Torquimata,"[1, 4]","To be something it can't quite be. Entertaining but just a cut above average, Fiennes is fine but becomes a bore",3.0,Tries Too Hard,1402531200,"06 12, 2014"
180,1696436,A62OQCY1YVCT4,B00JBBJJ24,"buburo ""LoveOnlyWins""","[0, 0]",No Happy Anything !,3.0,No Happy Anything !,1405814400,"07 20, 2014"
181,1696470,A30XPL8H3Z1MFF,B00JBBJJ24,Lana OHara,"[0, 0]","Good movie, but lots of killing and all on a train to nowhere, got a little boring in places.",3.0,Three Stars,1405814400,"07 20, 2014"
182,1696510,A54OID84ZLRXM,B00JBBJJ24,srrogers50,"[0, 0]","Interesting sci fi, very bloody.",3.0,Fair sci fi.,1405900800,"07 21, 2014"
183,1696622,A2DZ0Y7WRW6E4X,B00JH4SZWK,"Gary Anderson ""Gary Anderson""","[0, 0]","A few funny lines and generally entertaining, but not a winner",3.0,Ok to kill an otherwise empty evening,1405987200,"07 22, 2014"
184,1696695,A25GOTH9Z2E8KC,B00JK19416,Teresa L. Brown,"[0, 1]",VERY GOOD ACTING. SAD STORY.,3.0,Three Stars,1404432000,"07 4, 2014"
185,1696928,A2IOX0LU36BB5G,B00JV0547O,Ann Hart,"[0, 1]","This was a very violent story about revenge. It was gory at best, blood, murder & mayhem! If you like blood and murder , then you will enjoy Blue Ruin!",3.0,Blue Ruin,1399939200,"05 13, 2014"
186,1696935,A3JJ825BC3H4EA,B00JV0547O,dhart,"[0, 2]","I can't believe I liked this little indie flim.  A out of control revenge flick, slow moving, no name stars in it, takes a while to catch on to the storyline and not action packed.  Yet -- the excellent acting and interesting guessing of where the film is going keeps you intrigued and curious.  The main character is not the usual tough hero, but a little guy whose whole life has gone awry after his parents were murdered and has been obsessed by this for years.  When a man convicted of the murders is released from prison he kills the man in revenge only to realize he has started off a war of revenge with the man's family.  The bits and pieces are given to you, but you have to piece the story together yourself.",3.0,Worth a lookl,1402790400,"06 15, 2014"
187,1696951,A3U3RFL0XE4F7V,B00JV0547O,THE GHOSTSTAR     ORIGINAL,"[2, 10]","This is a sad, depressing, and gloomy, film about a homeless man trying to cope with the murder of his parents..and his struggle to avenge their murders..the plot wasnt that original,with no twists or turns. Few scenes of violence,but overall, the production quality was good and the acting was beliveable...the film goes to show,.. when you mess with a persons family....you never know how that person will react...it reminds of a true story i herd about the Suaerwald family in austrialia...how the father bullied the wrong person and ,...ultimately the whole family had to pay the price for their fathers mistake.....its crazy world out thare!!!! Pretty much boring***  if you have to watch something...rent , dont buy this one,you most likely will not want to watch it again an again!",3.0,"THIS IS A STORY ABOUT A MAN WHOS PAIN,.. FAR OUTREACHES HIS SKILLSET***",1398384000,"04 25, 2014"
