﻿,Index,reviewerID,asin,reviewerName,helpful,reviewText,overall,summary,unixReviewTime,reviewTime
0,1672579,A1C1P1N0MWX171,B00FPPQYXM,Rosemary Baker,"[2, 2]",Don't get me wrong I love Doc Martin but season 6 is a little worn. The marriage is painful to watch. Martin's relationship with his child isn't funny- it's sad. His relationship with Louisa is likewise painful.,4.0,One season too many?,1392422400,"02 15, 2014"
1,1672728,A3MDA891A1EPT8,B00FQY4C86,"Chris Winchester ""mikeystoyz""","[0, 0]","Not as strong as year one, I think a little better then year two.  This is the story of young witches and how they handle being witches.  There is death, life, death again, old witches, bad witches and Stevie Nicks.  You cant go wrong!!",4.0,"I like witches, you like witches, we all like witches",1401321600,"05 29, 2014"
2,1672880,A34I9PE5NB0WKP,B00FQY4C86,Ronald L. Mallett,"[0, 1]",chilling and fun,4.0,frightfully good,1404259200,"07 2, 2014"
3,1673113,A30B6A2MKBSF5J,B00FRILRL6,"Michael E. Jackson ""MEJ""","[0, 1]",I thought this was a lot of fun and a real surprise when I saw it in the theater - not a typical crime family but one that works well together under threat of violence.,4.0,Not a family movie,1390694400,"01 26, 2014"
4,1673209,ABQUJ3Z6EP5GN,B00FRILRRK,John's Horror Corner,"[3, 3]","Ninja (2009) was VERY entertaining but VERY flawed. This sequel strongly sets right and continues the franchise with crisper and more brutal fights, a better story and none of the nonsense--clearly opening the door to a most welcome third installment.Director Isaac Florentine (Undisputed II & III, Ninja) understandably likes working with (Scott Adkins; El Gringo, Universal Soldier: Day of Reckoning, The Expendables 2, Assassination Games).  I get it.  Adkins is amazing and if I were directing martial arts movies he'd be my top pick, too&#8230;EVERY TIME!But Adkins' performances are easily limited by Florentine's vision that day.  Undisputed II (2006) featured some of the best fight choreography you can find and it was filmed with appropriate angles and for long enough time between cuts for viewers to really appreciate the techniques being executed and their difficulty.  It also had a simple, enjoyable (even if recycled) story.  Whereas Undisputed III (2010) suffered a drop in that quality in terms of both story and spin kicks for reasons I can't explain, and Ninja (2009)--however cool the movie was without the fights--failed to impress me with the martial arts&#8230;and I'm pretty sure that was the one thing (if only one thing) that should have wowed me.In this sequel Casey Bowman leaves runs to the store when his fianc&eacute;e has midnight cravings for chocolate and seaweed--we can assume she has the Japanese preggers munchies.  This all sounds very sweet, but you can't have a good ninja movie without a solid motive for revenge, can you?  So when he returns home to find her dead, no one is surprised.The opening combat sequence struck me as technically sound with crisp, impressive combinations.  However, Adkins' fight scenes seem largely limited by the skill of his stunt man opponents who (in a few scenes) can't nearly keep up, appearing to fight rigidly (i.e., being less comfortable with the choreography) compared to Adkins' deftly smooth counterstrikes so trained fighters and fight stunt snobs will pick at the weaker fight's flaws like piranhas  on a floating carcass.  This minor flaw was most apparent in a scene reminiscent of Jet Li's opening scene in Fist of Legend (1994), when Scott takes on a dojo of opponents.  But fear not.  This flaw was a one-fight fluke and the other fights remain enjoyably awesome.  Adkins fans will rejoice when seeing him deliver some of his trademark 540 check kicks, beautiful transitions when performing jump spin kick and sweep combinations, and stunning corkscrew flairs that would make Ray Parks' own Darth Maul green with envy.  You'll even notice moves and stunts that will smack of Jackie Chan, but with none of Chan's humor and all Adkins' elegant brutality.  And watch out for the &#34;hotel room&#34; fight scene.  I haven't seen such a brilliantly unique gun-disarm/counterstrike since Equilibrium (2002) and The Raid: Redemption (2011).The fights all find fury and brutality.  Spin kicks often serve as little more than &#34;filler&#34; in martial arts movies.  But when Scott Adkins throws spin kicks his body weight whips like a Devil-possessed trebuchet to our rejoice.Casey is unfocused and angry in this sequel, clearly preoccupied with revenge.  When he travels to Thailand to escape his grief, he is followed by the vengeance of an old enemy of his dojo; the same enemy that killed his fianc&eacute;e.  Casey travels to Myanmar to find Goro (Shun Sugata; Kill Bill Vol. 1 & 2, Ichi the Killer, The Last Samurai), a Burmese drug lord and the man who wronged him.Tim Man (Kill'em All, Raging Phoenix) plays Goro's right hand man and give us a fantastic, long, vicious fight scene with Adkins.  The much shorter (yet sufficient) fight between Adkins' Casey and the aging but deadly Goro was also satisfying with a dash of unique flavor.The movie most clearly ends with a bitter end-- opening the door to a third installment in which Casey Bowman may finally find peace--and some fantastic swordplay.",4.0,"This sequel strongly sets right and continues the franchise with crisper & more brutal fights, a better story and less nonsense",1388966400,"01 6, 2014"
5,1673710,A1X4XRGKV4OWAL,B00FXWAZW8,Sweeti2056,"[1, 1]","Good movie to watch if you struggle with addiction, or you know someone who struggles, or heck if you just want to learn more about it. Not good for those who think those with illnesses such as these aren't cool.",4.0,Sympathetic and heartfelt,1396656000,"04 5, 2014"
6,1674018,AJ4UX9T8ZTJ8B,B00FZ4KR4U,Peter,"[0, 0]",Worth watching....  no car chases!,4.0,Four Stars,1404259200,"07 2, 2014"
7,1674083,A2QS3WEVJZSK5W,B00FZ4KR4U,"Wendy B. Smith ""linguist in California""","[0, 0]","Good story, good acting--an adult relationship story. Not great, but entertaining and instructive. Really miss James Gandolfini. Great actor and performance.",4.0,Good movie for adults,1401840000,"06 4, 2014"
8,1675688,A1TWUKLBAUD5KS,B00G15MDI0,"Carol B. Johnson ""Sasha's mama""","[0, 0]","This could be just another war movie, but it's written from the perspective of &#34;Death.&#34; He follows The Book Thief from the day of her brother's death. This is also the day of her first book theft. The characters are very well developed and seen both from the perspective of the Book Thief, whose life is interwoven with all of them, and Death, who will one day meet all of them, There are also books within the book, since the Book Thief steals more books and reads them, and eventually writes one of her own. Even though the movie doesn't follow the book exactly, it made the book easier to read.",4.0,Well done movie,1395705600,"03 25, 2014"
9,1675730,A29JNAD0IA18J4,B00G15MDI0,DANNY PARNELL,"[0, 0]",It takes place in Germany during War 2. One of those movies that they are hiding the Jewish people from Germans.,4.0,Good Movie,1400889600,"05 24, 2014"
10,1675859,AHGN8ZUHCSQOU,B00G15MDI0,karen m carlson,"[0, 0]",This is a good show. Would recommend it for children - it doesn't go into great depth about the horrors of the war but it shows enough.,4.0,Good show,1395446400,"03 22, 2014"
11,1675874,AWSSWK7D9I6ZY,B00G15MDI0,"K. Jodoin ""gr8leed""","[0, 0]",A heart rending story that captures the horrors endured and the courage displayed during one of the darkest periods in human history.,4.0,Courage Comes in All Sizes,1396569600,"04 4, 2014"
12,1676052,A3DT7U0OJPUHW,B00G15MDI0,Tina E. Detweiler,"[0, 0]","The movie is well done but does not reveal everything disclosed in the book.  I felt the movie was perhaps more sensitive to the audience about the violence but the movie made it seem like Liesel told stories for only one air raid, when in fact she was the story teller repeatedly in the book.  They dismissed the apple stealing which I think reminded us of how hard food was to come by in those war years.  It is an excellant tale and although the movie did not discuss the colors of death, it was made very clear at the end of the movie it was Death that was sharing this story and how he is haunted by humans.Beautifully done!",4.0,The Book Thief movie,1404259200,"07 2, 2014"
13,1676065,A1W0VQZ3TJVNZI,B00G15MDI0,Waylon,"[0, 0]","I really enjoyed this movie and the story it told. I didn't like the whole voice over by the angel of death or whatever it is. This is a sad story, and reveals just how great humans can be and how horrific we can be as well.",4.0,Great story.,1400025600,"05 14, 2014"
14,1676167,A31GH8GD49KGDY,B00G2P79BU,Carolyn J. Kartheu,"[0, 0]","Didn't much care for the movie.  Didn't much care for the Jackass movies either.  The orderingprocess was good,  just the movie itself wasn't.",4.0,"The ordering process was good, just the movie itself wasn't",1404864000,"07 9, 2014"
15,1676178,A3OJTG40JE3M2V,B00G2P79BU,chris a,"[0, 0]","This movie was really funny. Knoxville killed it yet again! It is an interesting look at society and how people act in crazy situations. I found it rude, crude, socially unacceptable, and down right gross....all three times I watched it. Very funny",4.0,Hysterical,1395878400,"03 27, 2014"
16,1676215,A1ZK0HPFT9K2X5,B00G2P79BU,Gigismum,"[0, 0]","Im seriously surprised that I liked this movie, but I did, maybe because I didnt take it so seriously.  Its gross, sophmoric and sad, but I laughed the entire time.  The beauty pageant scene deserves an Oscar.",4.0,Ha!,1391472000,"02 4, 2014"
17,1676225,A3JGL5BTM1CVRZ,B00G2P79BU,Happy Dancer,"[0, 0]","We have tried watching other Jackass movies, but always turned them off - too rude and crude for us grandparents.  But this one was different.  We really enjoyed it, even the rude and crude.",4.0,"Rude, crude, but hilariously funny.",1400025600,"05 14, 2014"
18,1676231,A3PWUNLONH5K0H,B00G2P79BU,Ian Sayre,"[0, 0]","This movie delivers laughs. Not the best story but, you will laugh, cry and pee. I did. -a testament to middle american ignorance.",4.0,Real Funny,1392768000,"02 19, 2014"
19,1676640,A1RA72BFGJUGW5,B00G4Q3KOC,Daryl,"[0, 0]",This movie shows realistic difficulties that the slaves had to endure.  Slavery was never portrayed in this manner before and it will make a person understand that slavery was really evil.  Great acting and directing!,4.0,12 Years A Slave,1395705600,"03 25, 2014"
20,1676823,AU7GAWD4UNY2G,B00G4Q3KOC,jpd.john,"[0, 0]","Very dramatic. A good story about a personal tragedy, as well as a tragic period in our nations history. Some very good acting performances throughout.",4.0,good movie,1399507200,"05 8, 2014"
21,1677004,AII0WUJ7IJX4W,B00G4Q3KOC,Patricia Geisert,"[1, 2]","Slavery is something that never can be forgotten, The stars were excellent. We are all ignorant at times but it is to bad when it is carried to the extreme. I hate the fact that America had slaves and treated them so bad not something we should ever forget.",4.0,A bit long,1394582400,"03 12, 2014"
22,1677007,A3MFOAZSH9TPGO,B00G4Q3KOC,Patricia Kirk,"[0, 0]",Amazing movie but disturbingly violent in some parts.,4.0,Four Stars,1405814400,"07 20, 2014"
23,1677019,A2XZFRWGELMGU9,B00G4Q3KOC,"Penelope Evans ""avidreader""","[0, 0]",Tragic story of a middle class black family and a horror that descended on them.  I hope every one is seriously disturbed by this film.  Well worth watching.,4.0,Incredible true story.,1397001600,"04 9, 2014"
24,1677056,A1AQ8JT2A3UWMY,B00G4Q3KOC,"R. Lee ""Gadget lover""","[0, 0]",Slavery is wrong and it created many problems for this country.  My redneck brother-in-law came from a racist family and some of the stuff he said made me cringe.  I wish he would watch this movie and try to understand how wrong slavery is.,4.0,A very ugly chapter in American history.,1398556800,"04 27, 2014"
25,1677065,A2AAF02CYINM0R,B00G4Q3KOC,Robert Schudy,"[0, 0]",Worth watching when you are in a serious mood. Not sure how true it is but it is hard not to hate white people for being so evil. Then I think that this kind of evil goes on now in this world at the hands of all races. Love is great but love without justice is not real love.,4.0,Intense,1397606400,"04 16, 2014"
26,1677105,A3OL7NWHWI8NX9,B00G4Q3KOC,skarekrow1,"[0, 0]","Watched this film with hesitancy due to the graphic violence portrayed. As warned, it was unnecessarily violent.The acting was excellent. The story, although not unique for that ugly period of American history, was well documented. I would not recommend this film to anyone faint of heart. It is historicly important though.",4.0,Graphicly Violent,1402617600,"06 13, 2014"
27,1677164,A3P0XHK96ISFOA,B00G4Q3KOC,Trying To Be Honest,"[0, 0]","An interesting, disturbing and oft forgotten period in American History that is well represented in the recounting of this true story. Excellent portrayals add to the drama of the many horrific scenes that some many find difficult or impossible to watch.",4.0,Very Well Done,1395100800,"03 18, 2014"
28,1677169,ANGV0JAIO1IK,B00G4Q3KOC,"ultimate reader ""ultimate reader""","[0, 0]",It was a hard movie to watch.  I'm sure quite realistic.  Very sad.,4.0,Very sad.,1404691200,"07 7, 2014"
29,1677184,A3GX2EHRWPWSWE,B00G4Q3KOC,William J. Harper,"[0, 0]","12 Years a Slave is a good film but in no wise was it the best picture of the year. I would have liked it more had it not been so heavy-handed in so many ways. Based on a true story, it needed to have been told no matter how painful the message. Movie goers need a counterpoint to sanitized versions of slavery presented in films like Gone With the Wind. Slavery was evil and a blot on our nation's history. So many people suffered horrible indignities along with physical and psychological brutality in a supposed &#34;land of the free&#34; and most of that was wrought by Caucasians. It is a shame upon my race and rightly so. With that said, I feel the film lost some validity in telling it's powerful and painful story by painting almost every white person with negative strokes. You had to get to the end of the film before you encountered a white person with integrity, decency, and compassion. Even ones that seemed humane could not be trusted or believed. After a while it was like listening to a guard dog that barks at anything and everything. When you do need to heed the message you have become so numbed by the steady stream that you tune it out. I fear that 12 Years a Slave may have had that same affect to some and that is lamentable.",4.0,Good picture but...,1402704000,"06 14, 2014"
30,1677240,AJVFPC26GHXGF,B00G6HO3R2,"Amanda Felix ""angelbuff""","[0, 0]","No big known actors here but not bad acting. It is set during the times of the Black Plague and a  Monk is given the task of transporting a church relic. With 4 knights to protect him they run afoul of a bandit and his men when they defend themselves. To elude them, the knights and priest enter a cavern that leads them into a land inhabited by the dead. They find a woman who has been exiled to this land. She is not trusted but only she knows the way out and will lead them if they take her with them. The dead and the vengeful bandits are on their trail but with the holy relic drawing the evil dead and the bandits determined to kill them they are in for the fight. The direction could have been better and the knights do things no soldier or experienced warrior would do but the story line is good. Too bad this was not a big budget movie, it would have been great.",4.0,good Popcorn movie,1403827200,"06 27, 2014"
31,1677607,AZR9Y006YD3FS,B00GB0OQ3U,BRENDA PROVENCE,"[1, 1]",Very creepy and sent many chills up my spine!It's slow moving but when the frights come they are really shocking!,4.0,Banshee Chapter scares!,1393200000,"02 24, 2014"
32,1677895,AB97EC4YMT1RQ,B00GD9GNEY,Derek A. Dorsey,"[0, 0]","Batman is still Batman. Nice to know that no matter who's writing, the Batman is consistent. Still arguably the most dangerous",4.0,YESSSSS!!!!!!!!,1394236800,"03 8, 2014"
33,1678609,AOZGOFPVAUMTB,B00GJNQ5TC,Doug Park,"[0, 0]","{3.5 stars}The first half-hour or so is intentionally confusing and rather draggy, but all that's going on becomes apparent throughout the rest of the film, which is well-produced with good, though not great, acting. A film without heroes, COLLISION may be too violent, gory, and grim for some tastes. It's also a bit too humorless and slow-moving to be called a ""thriller."" Still, the way it shows how the different circles of people and the supposed allies within the circles conspire and are at odds with each and every other is thought-provoking. The whole message seems to be that ""No one wins--or if anyone does, it's the wrong people in the wrong ways--when people conspire and connive over money, power, 'love,' etc.""COLLISION also takes some risks in the way its entanglements untangle at the disheartening but strangely fitting end. As unsettling as it may be, this film is anything but predictable.",4.0,Conspiracies in the Desert,1391472000,"02 4, 2014"
34,1678751,A2ZELOPYDRS6VU,B00GM1X2RO,Love Our Military Men,"[10, 10]","I am so happy to finally see more releases to DVD of the television series IN THE HEAT OF THE NIGHT, although I had to kinda laugh as this is the most unusual sequence release schedule I've ever seen for a series. First we had the 24 Hour Marathon release, then Season One, Season Eight and now Seasons Four and Five - but it's all good and I am happy to get them 'however' the studio wishes to release them. Season three (not yet released) and four is where this series really hits it's stride.Airing for 142 episodes (plus 4 TV movies) from 1988-1995, IN THE HEAT OF THE NIGHT was a great crime/drama series that starred Carroll O'Conner as ""Chief 'Bill' Gillespie"" of the Sparta Police Department in Mississippi and centered on a lot of small town politics as well as catching criminals. It was a role that was really suited for Carroll O'Conner, and of course, Alan Autry as ""Lt. 'Bubba' Skinner"" sure filled out his uniform v-e-r-y nicely! :o)This five disc set is the '90-'91 season and below is a brief summary of the episodes:(DISC 1)LESSONS LEARNED - Chief Gillespie is shocked by the seemingly uncaring reaction of the father of a murdered teenage prostitute.PERVERSIONS OF JUSTICE - Gillespie tries to calm public furor while investigating charges a science teacher molested a student....AND JUSTICE FOR SOME - Gillespie and Virgil have different game plans concerning the fate of a federal criminal who is linked to a local hit-and-run case.HEARTS OF GOLD - Bubba's romance with a high school sweetheart conflicts with the murder investigation of an attorney.(DISC 2)QUICK FIX - Evidence indicates a mentally impaired girl is the mother of an infant found in a shallow grave.HOMECOMING - An ex-convict strives to turn over a new leaf: only to be thwarted at every turn.A PROBLEM TOO PERSONAL - Gillespie appears to be apathetic about prosecuting Harriet Delong's ex-husband, who has been arrested on a murder and robbery charge.A FINAL ARRANGEMENT - An elderly woman who befriended Sweet is found murdered in her bookstore.(DISC 3)FAMILY MATTERS - Titus attempts to reunite his family, only to come up against a rebellious cousin who has led a life of crime.BOUNTY HUNTER - Gillespie must stop a hired bounty hunter who plans to kill a Sparta man wanted for questioning in a Houston murder.BLESSINGS - A local reporter writes an article on an unconsenting Gillespie, who suspects her motives.EXECUTION OF TRUST - A psychiatrist protects a patient who confessed to a murder for which an innocent man stands to be executed.(DISC 4)CHILD OF PROMISE - A drug-related crime wave hits Sparta, and soon murder is on the cards.PAPER CASTLES - A fatal car crash causes suspicion: it is linked with plans to build a new mall in the town.LAID TO WASTE - Gillespie and TIbbs investigate a murder intended to cover up the illegal dumping of toxic waste.FIRST DEADLY SIN - A boy witnesses a rape, but his overprotective father refuses to let him tell the police what he saw.(DISC 5)JUST A COUNTRY BOY - Bubba travels to Los Angeles to arrest an arsonist, but uncovers Mob activity and murder on the way.NO OTHER ROAD - Lonnie Jamison and VIrgil show a despondent Eugene DeLong, who father is facing the death penalty for murder, that life continues.A TURNING - Gillespie and TIbbs track the killers of two drug dealers; Althea worries about the dangers Virgil faces and suggests he change careers.As stated in the product description, due to licensing issues, the episodes ""Brotherly Love"" and ""Shine on Sparta Moon"" will not be included in this release.The picture quality to date has been quite good.I'm off to place my order for seasons four and five :0) Anxiously waiting for seasons 3, 6 and 7!",4.0,IN THE HEAT OF THE NIGHT SEASON FOUR - SO HAPPY TO SEE MORE RELEASES - DESPITE THE UNUSUAL SEQUENCE/RELEASE SCHEDULE,1386547200,"12 9, 2013"
35,1679071,A3LJ2XUYKO6F2,B00GMV8IGO,tomthomtwin,"[0, 0]","action throughout this movie,acting good no overdone dialogs, just answer the question attitude, slight over kill fights scenes. still worth seeing.",4.0,nice remake!,1394323200,"03 9, 2014"
36,1679251,A1MMGWKPOL43ZS,B00GMV8LIO,AJJ,"[0, 0]",The fact that the guy portrayed was ultimately jailed should be no surprise. In spite of the debauchery and bad language the film itself is worth watching,4.0,Explitives deleted,1404432000,"07 4, 2014"
37,1679639,A1V7SMBLM223EX,B00GMV8LIO,Peented,"[0, 0]","Movie was entertaining and interesting, acting was superb.  But we thought there was definitely some drag in parts where we longed for it to move on.  Quite funny but not hysterical, humor was a bit pathetic, even sad at times.  Yet that was likely the reality of the time.",4.0,Entertaining but with some drag,1399334400,"05 6, 2014"
38,1680000,A29KEM6E8FAH4Q,B00GOYC3DI,bundy,"[0, 0]","good movie,sloan, veronica and the cops daughter were very hot the others ok. had humor mixed with horror and sex appeal.didnt like that there were so many killers in the end. think they shouldve stuck with just 1 or 2 killers not 4. also shouldve called it something else, there was no party it was a competition at a resort in a tim buck town. recomend watching the movie.oh and the killer cop whats with his weird eyes,my girlfriend said he looks like an ugly older woman.",4.0,sorority camp massacre,1400112000,"05 15, 2014"
39,1680131,A1TQEOMQGFK7WB,B00GPPXNIK,"Kindle Customer ""Nelvie""","[3, 3]",It shows that love and lust and co-exist.  When love is lost not even lust could stand alone without love.,4.0,very realistic scenes,1394755200,"03 14, 2014"
40,1680249,A2AI3SZS75JAFO,B00GRZPRB4,hardboiled,"[6, 7]","Bad prison movie as it depicts juvenile prisons completely WRONG.  It is hard for corrections officers much less administrators to do things to juvenile prisoners.  THEIR safety is first and VERY guarded in every state.  They can't just use MACE whenever they want.  The way they break up fights saying ""play nice"" is RIDICULOUS and spraying mace on a girl not even fighting is HYSTERICAL.  CONFINEMENT is hardly used because of STUPID rights groups.Also the juveniles have more drugs in the prison than in the real world, NOT real.BUT the main character have BIG ASS TITTIES!! REALLY nice and PERFECT.  It's worth it to watch this just to see those!! YIPPPEE!",4.0,Hot Mamas!!!,1398643200,"04 28, 2014"
41,1680253,A233UR4B7OT4RR,B00GRZPRB4,ROFLChopper,"[0, 0]","The only thing I know about The Asylum as a studio they tend to have a representation of making bad or gulity pleasure cinema  - kind of like how Troma use to be back in the 1980s and early 90s.  This is the first time I've watched any movies by this studio and to my surprise I was quite pleased with it's effort.Jailbait pretty much wastes no time with it's gritty nature.  The character Anna is cello player and also makes good grades at school, but end up in prison over defending herself when her step-father tries to rape Anna in her bedroom.  Anna's mother even defends him and is glad Anna is in prison over the crime since he was the breadwinner in their household.  Anna is faced with scary realities of prison life: gang attacks, rapist warden, and drug addiction all in the matter of a 1 1/2 hr film.  Oh, and let's not forget, her fair share in lesbian sex!While Jailbait is fast paced affair, the acting isn't Oscar worthy and has a basic plot - prison is no social gathering especially for a 17 year old girl.  I still found it entertaining to pass the time.",4.0,Surprisely Entertaining!,1401321600,"05 29, 2014"
42,1680447,A2I40DYE2QA1BE,B00GSBMNOQ,cricket,"[0, 0]",A very intriguing movie.  Rather sad though.,4.0,Intriguing movie,1405296000,"07 14, 2014"
43,1680517,A21EFR70T6JD8K,B00GSBMNOQ,Helen L. Worcester,"[0, 0]","Nicely done film, but not terribly memorable. Good acting. Another true life story about the Catholic church's abusive treatment of women.",4.0,Nice but not all that memorable,1399334400,"05 6, 2014"
44,1680601,A3QTEWVE0LLHLW,B00GSBMNOQ,Linda Tingley,"[0, 0]",I liked the movie.  I think it was good but not outstanding.,4.0,Four Stars,1405296000,"07 14, 2014"
45,1680806,A1PV4KAG3J1ZLT,B00GSBQ2HU,James B. Haines,"[1, 1]","Story was well done, and it is historically accurate.  Characters were believable, but there was no compelling attraction in the film",4.0,Good but Not Great.,1399420800,"05 7, 2014"
46,1681333,A18758S1PUYIDT,B00GST8U4U,Viva,"[0, 1]",Here is a film with very few words spoken and a lot of environmental conflict faced by a man stuck out at sea.  Redford will make you root for him as he suffers and struggles to survive.,4.0,You'll root for Redford,1392336000,"02 14, 2014"
47,1681701,AY15X4NPV16QP,B00GUO2SKA,Bob@Kelly,"[0, 0]","Amazing acting enhances this story of the aids epidemic and how we underestimated it at first, misunderstood it for years, and shamed so many good people into their final days of misery.",4.0,An important movie,1392940800,"02 21, 2014"
48,1681974,A1KUJMIY8AK26A,B00GUO2SKA,"JF Napa ""Movie Lover""","[0, 0]","This was a very realistic and well acted portrayal of not only the characters involved but, of the ignorance and unfairness of those in a position to help.  You could feel the pain, resentment, anger and hopelessness as well as the humanity.  One man's fight to make a difference in the only way he understood.",4.0,An Insightful Look at History,1391990400,"02 10, 2014"
49,1681982,A2ZL87Q398NIUU,B00GUO2SKA,"Jim Tarleton ""Jim Tarleton""","[0, 0]","The acting is excellent, but the film is such a downer. It is very depressing and very hard to watch. I know that this was an extremely difficult and sad time in our lifetime, but to watch and re-live it is an uncomfortable movie to get through.",4.0,Very good performances,1391990400,"02 10, 2014"
50,1682153,A2YKKV3VPJDXNF,B00GUO2SKA,Michael,"[0, 0]","This appears as a story of redemption and falls short. he didn't reconcile his life prior to his own death morally sad.  lived drownding in the vices of the world...with no thought of what happens after death. what keeps me from disliking this movie of course was the acting, it was phenomenal, all of it.",4.0,love the acting hated the conclusion.,1393977600,"03 5, 2014"
51,1682269,A2BO4AA9T3COGN,B00GUO2SKA,Rev.Carolyn J. White,"[0, 0]","I already have a very bad impression of our medical society and all that goes with it.  This just pointed out how sick it all is.  Really rooted for the good guys.  Hard to watch Matthew, so skinny and sick.",4.0,What I thought.,1397865600,"04 19, 2014"
52,1682882,A1GVA2HN1RONVK,B00GZ0ML2Y,Nh granite,"[0, 0]","Good movie, good background on some of the characters.  Unfortunately too violent for my young nephews to watch...not a kid movie.",4.0,Easy entertainment,1401840000,"06 4, 2014"
53,1682900,AV6QDP8Q0ONK4,B00GZ0ML2Y,"The Movie Guy ""Movies from A to Z""","[0, 0]",Well it seems Batman got drugged one night and did the nasty with Talia al Ghul who had a son Damian. Damian is a fighter and intellect like Batman. Damian wants to avenge the death of his grandfather Ra's al Ghul who was killed by Death Stroke. Damian has untempered anger which Batman attempts to control. Meanwhile Death Stroke has a scientist making mutants for him.The film utilizes the dry humor of Alfred and some dark humor. Modern automatic weapons seem to have a tough time against medieval swords. It makes me wonder how Hitler conquered Poland. Fun popcorn toon.,4.0,YOU CAN'T FIGHT CRIME BY BEING A CRIMINAL,1397952000,"04 20, 2014"
54,1683025,A3OUUC1RDBRIBT,B00H1RMOI6,Andrew,"[0, 0]",Usual Stallone/Arnold movie. Worth watching and had some good twists and turns. Interesting story line and makes you thing about how to secure the worst of the worst...,4.0,Entertaining,1398556800,"04 27, 2014"
55,1683261,A8PN1RSF23WQX,B00H1RMOI6,Mrs B's movie review,"[0, 0]",what a great partner both Sylvester and Arnold. Very funny together they get to fight and kill bad guys and blowing things up.,4.0,a different refreshing Sylvester Stone,1396483200,"04 3, 2014"
56,1683371,A13W0DV4LF43K2,B00H1RMOI6,thomas p. stephens,"[0, 0]","Lets face it, Arnold and Stallone are getting a little old for action movies. But on the other hand they did a credible job in this movie.There is the normal violence in this movie but it was a little deeper than the violence.",4.0,Movie,1399766400,"05 11, 2014"
57,1683589,A2K62IHNYD9CBR,B00H4IR3JC,norma jean kringer,"[0, 0]",It was an obvious TV movie from Korea but it was well acted but was annoyed with the big bad American.,4.0,... from Korea but it was well acted but was annoyed with the big bad American,1404172800,"07 1, 2014"
58,1683662,A3UPYGJKZ0XTU4,B00H4ZEFTQ,mirasreviews,"[1, 1]","Series 2 of ""The Bletchley Circle"" picks up in 1953 the story of four women who worked together at Bletchley Park HQ during World War II. Susan (Anna Maxwell Martin) is shaken by her last adventure and reluctant to get involved in any more crime-solving, her anxiety compounded by her inability to explain her fears and frustrations to husband Timothy (Mark Dexter). Flamboyant Millie (Rachel Stirling) is putting her linguistic talents to use as a German translator. Lucy (Sophie Rundle) is now a clerical support officer at Scotland Yard. Jean, researcher and a kind of den mother to the younger women, still works as a librarian. The series has a new production designer but retains its even, muted lighting and brown tones that enhance the ""period"" look. Guy Burt has written two mysteries in four hour-long episodes this season. The mysteries are better than the hackneyed deviant serial killer of Series 1, though the characters suffer a little. The episodes are:In ""Blood on Their Hands"", Jean is disturbed to learn that a woman who worked under her at Bletchley Park, Alice Merren (Hattie Morahan), has been convicted of the murder of another former colleague, biologist John Richards (Paul McGann). Jean visits Alice in prison and comes away suspicious that Alice hasn't told what she knows about Richards' death and is protecting someone by refusing to defend herself in court. Jean enlists Lucy and Millie's help in investigating the murder case, which leads them to the apartment of 17-year-old Lizzie Lancaster (Faye Marsay), where they find some classified documents that Lancaster claims never to have seen before. Meanwhile, Susan's husband has gotten a promotion that may entail a 2-year posting abroad. Jean needs her help, but Susan feels she cannot get involved in an investigation that may place her family in danger. This is an interesting mystery, though Susan's character seems strained and a bit distasteful.""Uncustomed Goods"" sees Alice Merren trying to find work in spite of her notoriety. Millie has lost her job and is selling black market perfumes and stockings to make ends meet. Business takes a scary turn, however, when Millie is abducted by Maltese gangsters and detained until her boss in the black market goods business, Jasper (Rob Jarvis), comes up with the money that he owes his supplier, a criminal matriarch named Marta (Brana Bajic). Millie is further disturbed to learn that this crime family is in the white slavery business, luring young women from behind the Iron Curtain to come to Great Britain with promises of jobs as chambermaids, then selling the women as sex slaves to various hoteliers. Millie feels it is her responsibility to ensure that the crime ring is busted and the women freed. Millie seems uncharacteristically emotional, and the ruse she carries out with Jean strains credibility. The mystery plays into the current British moral panic over ""trafficking"".",4.0,"Still Stylish. Better Plots Than Series One, though Characters Not Quite As Strong.",1399680000,"05 10, 2014"
59,1683736,AUY8GE1C1DO92,B00H5RYIBI,Aubreyann,"[0, 0]","This was a really cute movie.  One thing is though I'm a little sick of movies showing people (or fairies) making seriously bad, destructive choices and then having really no consequences.  In real life, we don't all just hug the thief who tried to destroy our civilization and then make up.  I guess lots of kids shows are like that, but its getting on my nerves.  Bad choices have serious consequences.",4.0,Fun movie,1398211200,"04 23, 2014"
60,1683855,A0293382VV3VQQ607PY4,B00H5RYIBI,sagedittmer,"[0, 0]",i do not relay care for it is just a movie,4.0,Four Stars,1405036800,"07 11, 2014"
61,1684411,A3BHP9OXQFM360,B00H7LINKE,Ava South,"[0, 0]","Too much crude language, but good story.",4.0,Strange story.,1404777600,"07 8, 2014"
62,1684475,ACG3GZRY20NY,B00H7LINKE,Donna,"[0, 0]",To think there are actually families like this out there is a bit disturbing and sad. Strong personalities and skeletons revealed.,4.0,very real!,1401062400,"05 26, 2014"
63,1684477,AB43GW59O3D4G,B00H7LINKE,Dortodor,"[0, 0]","Excellent acting, but a biter family type of film where the people fought each other until they were alone.",4.0,Four Stars,1403827200,"06 27, 2014"
64,1684511,AVORPSKHYS7XY,B00H7LINKE,Gloria,"[0, 0]","Well acted.  Very strong cast.  Viewer must be in the mood for all the selfishness, turmoil and tension that this movie brings to your home screen.",4.0,Dysfunctional Family Strife...in Spades!,1397865600,"04 19, 2014"
65,1684674,A35GL5HSIW28W8,B00H7LINKE,"Roxie,Sebring,FL","[0, 0]",I was really disappointed with this movie. I have all Julia Roberts movies and this one is the worst.Almost in the stupid and dumb category. Save your money. I wish I had.,4.0,disappointing.,1402531200,"06 12, 2014"
66,1684764,A1MMGWKPOL43ZS,B00H83EUL2,AJJ,"[0, 0]",Good but not great - leaves you a little floating in space,4.0,Four Stars,1405728000,"07 19, 2014"
67,1684944,A30U7BDGGFHABE,B00H83EUL2,Charleen Stockwell,"[0, 1]","OK, very far fetched that anyone could survive such a disaster. Once you abandon attachment to reality, it is a real roller coaster.",4.0,Very good movie,1395532800,"03 23, 2014"
68,1684996,A1I5ONEAW8X98Y,B00H83EUL2,Craig Shimizu,"[0, 0]","With all the hype, this movie almost had no chance of being satisfactory.  But considering that, it was very entertaining.  I can only imagine how much better it was on the big screen.  Sandra Bullock was very good.  Hard to act in a full space suit and helmet but she did well expressing human emotions amid catastrophe after catastrophe.",4.0,Needed the 3D and big screen.,1394064000,"03 6, 2014"
69,1685157,A1RUTYY3RJ454B,B00H83EUL2,El Capatain,"[0, 1]",I think it was good to see something close to home for a change just too bad that everyone else had to die.,4.0,I did like it,1394755200,"03 14, 2014"
70,1685244,A2HV019P1TDKJ0,B00H83EUL2,Goldie D.,"[0, 0]",Great special effect but made me paranoid.,4.0,Four Stars,1404691200,"07 7, 2014"
71,1685445,A214W7FW4GT2K2,B00H83EUL2,Joseph J Bode Jr,"[0, 0]",If this really happened in space as the story goes. We are in a hell of a mess in the future. Do not invest in satalite Communications.,4.0,Just a bit surreal.,1398816000,"04 30, 2014"
72,1686076,A3KXMZ1BOAJSRE,B00H83EUL2,Susan Bennett,"[0, 0]",The whole plot was one big dumb move after another. I hated it. Sorry I ever added on to my collection,4.0,This was one of the dumbest movie I ever watched.,1402876800,"06 16, 2014"
73,1686300,AVRONIYLZDKYN,B00H91LVOM,T. Roberts,"[0, 0]","Odd at first, but it's more like a Sin City meets Kick Ass with some twists thrown in. Good to watch ...",4.0,Good twist on an action movie,1403568000,"06 24, 2014"
74,1686897,A3JNY2MSXKTXZW,B00H9KKGTO,Jerry D. Mills,"[0, 2]",I had no idea the stock market work in such an evil way.  Bad people coning people out of lots of money.  No wonder we'rein such a financial mess.,4.0,leo,1397520000,"04 15, 2014"
75,1687173,A5EOT4DP4Q2MF,B00H9KKGTO,"Richie ""Richie""","[0, 2]",Great movie - but very crude with lots of bad language and nudity.  If you are OK with that then its a very good portrayal of the crazy days of Wall St and and the stock market greed or the era.  Lots of unlikeable and undeserving characters making millions of dollars and behaving completely unprofessionally - which was/is business life.,4.0,True to life portrayals - unfortunately,1396828800,"04 7, 2014"
76,1687841,AU8TMZKOIDCDT,B00H9LHVHI,Gloria A. Moncada,"[0, 0]","Ladies get your tissues, great little story of a lonely woman, who gives up, on not just love, but human kindness.Her son is good towards her, but a bit naive, especially towards his father, and life itself.Just goes to show, woman are not the only ones who can be deceived, men are just as gullible.",4.0,Chick Flick,1400803200,"05 23, 2014"
77,1688094,A18758S1PUYIDT,B00HEM9PW6,Viva,"[0, 0]","This horror film works on you psychologically, with literal twists and turns, malevolence without supernatural elements, and conflict between a young man and woman as they get lost and then attacked.  Good music too.",4.0,Much better than you have been led to believe,1401580800,"06 1, 2014"
78,1688139,A39S6D28WAXYXZ,B00HEPC0TS,"Carl T. Knott Jr. ""Carlos""","[0, 0]","plot well developed, action good, just eliminate the meaningless sex scene that they put in which has NO part in the plot.",4.0,good,1395446400,"03 22, 2014"
79,1688247,A6ILK3FXYH595,B00HEPC0TS,kc2kth,"[0, 0]","Nothing surprising here, just a solid action flick with likable characters even if they aren't well developed. It is your typical &#34;they picked the wrong guy to mess with&#34; type movie. Guy moves to new town to escape his past, guy runs into local lowlifes who try to push him around, guy pushes back. Hard.",4.0,Good action flick,1395705600,"03 25, 2014"
80,1688568,AZXP46IB63PU8,B00HEPDGKA,"Joann C. Supulski ""Grannie J""","[0, 0]","I liked this, but I didn't love it.  I have often asked myself why Keanu Reeves is considered a good actor.  Other then the Matrix series, I fail to understand the attraction.  OK, I love The Watcher, and Reeves made an excellent cold blooded killer, but this movie was exciting and bloody.",4.0,"I like this, but I didn't love it.",1405555200,"07 17, 2014"
81,1688910,A205L9OMMVXT9W,B00HEPE6MM,hacktress,"[0, 0]",just a little disappointed,4.0,Four Stars,1404345600,"07 3, 2014"
82,1688949,A2IBUKTUD2TJT6,B00HEPE6MM,Jesus Barranco,"[0, 0]",A powerful story about the dangers of combat and it's true heroes. At times gut wrenching and emotional. One of the most real firefights in a war movie. Sometimes we have to be reminded of the sacrifices made by those who fight.,4.0,A Powerful Heroic Story,1402185600,"06 8, 2014"
83,1689069,A2UG5116MNYV74,B00HEPE6MM,Pam Hughes,"[0, 0]","Powerful story of one's willingness to survive partially driven my military indoctrination and partially driven by inner strength, courage and wanting to right a wrong.  Compelling--when you wanted to turn away because of the brutalization you couldn't. Often sad.  Often bloody.  Don't think those scenes were gratuitous, I believe they were accurate and graphically depicting the the heinous complexity of war which has created an environment of kill or be killed.",4.0,Powerful portrayal of war at its worst,1404950400,"07 10, 2014"
84,1689109,AFTVY8HD8513Q,B00HEPE6MM,Robert,"[0, 0]",And good action movie...And the lesson is: When discovered by locals on deep insertion missions do NOT let them leave! Sad deal but we have unfortunately elected to be at war with civilians and there is no way to quickly sort out the good ones from the bad ones!,4.0,Good lesson,1402358400,"06 10, 2014"
85,1689121,A11LTGLPJ66GTN,B00HEPE6MM,"Ruby Relic ""Linda""","[0, 0]","I gave this 4 stars because the storyline is excellent, but it was a very graphic, violent, and bloody movie. It was based on a true story and war IS violent and bloody. But it left me wondering how much of it was exaggerated by Hollywood? It seems to me that is what sells. Mark Wahlburg did an incredible job, as usual. If you can stomach the violence, then I would recommend the film. I was especially awed by the moving postscript at the end of the film that I read through my tears.",4.0,Based on true story.,1403654400,"06 25, 2014"
86,1689523,A2ZL87Q398NIUU,B00HGJB3MC,"Jim Tarleton ""Jim Tarleton""","[0, 3]","This monumental depiction of a band of Russian soldiers defending the destruction of their city by the Germans in 1942 shows the horrors and destruction of war. I watched it in the superb Blu-Ray 3D version and it is quite effective. It's a bit over-long, but it held my interest. Will man never learn to stop killing and destroying?",4.0,Towering WW2 war movie,1400284800,"05 17, 2014"
87,1689919,AA2EV7INCX78X,B00HHYF5EI,Marketing Professor in Connecticut,"[8, 9]","The lead actors in this film are fantastic. The storyline is as it has been explained in other reviews. Sadly, life doesn't turn out OK for any of the principal players by the movie's end. All suffer terrible emotional pain, but will ultimately struggle through and survive. Not a Hollywood or fairy tale ending, but representative of reality.  The film also shows that despite substantial progress made by gay people, homophobia and violence against gays still happens--even in relatively progressive 21st century Germany.",4.0,Sometimes life doesn't turn out OK.,1391904000,"02 9, 2014"
88,1690072,A1W4WPEKE3SKAH,B00HLSW6TW,"Cheryl S ""mystery,adventure""","[1, 2]","I really liked this movie. Not sure that the &#34;critics&#34; did, but I never trust them anyway. It had a different slant to the Hercules legend.  Plenty of brawn and bare chested hunks. Lots of fighting and sword play. Deception, deceit, and lies. Love and hate, a real good show. I watch movies to be entertained. I am not looking for a deep meaning or enlightenment. I just want that rush from a great show (and popcorn).",4.0,A Different Slant,1401753600,"06 3, 2014"
89,1690313,A1W94ITD32ILL9,B00HLTD2OE,Peter Furey,"[0, 0]",Well made and the mix between the humans and animal characters was well done. Evil animals and laughable dumb evil criminals was what makes this film great for both adults and kids.,4.0,Good family fun,1399852800,"05 12, 2014"
90,1690381,AO3IM0GW3JDAJ,B00HLTD3ZW,Bruce E.,"[0, 1]","Alcoholic cop still has his integrity, but doesn't realize it until he's forced to stop wallowing in self-pity and regret and do what he's good at.",4.0,"Pleasantly surprised, keeps you guessing.",1403913600,"06 28, 2014"
91,1690481,A5IP3I13CZ9F9,B00HLTD3ZW,Jacob Wimpee,"[0, 0]","I liked this movie. It kept me guessing who was the killer. I didn't like the reason the killer was killing, but its not my story.",4.0,"Good, Enjoyable, and dramatizing.",1404172800,"07 1, 2014"
92,1690502,A9LAPV8XNKZVZ,B00HLTD3ZW,John Bowes,"[0, 0]","Forget the questionable logic of the bad guys, try and figure who they are. Red herrings abound. I was fooled. An easy watching &#34;B&#34; movie.",4.0,How does Liam fit in those seats?,1404777600,"07 8, 2014"
93,1690525,A1HYIX0N4RBB3M,B00HLTD3ZW,Kish,"[0, 0]","Liam Neeson is great as US Air Marshall Bill. As are Julianne Moore and the other cast members. A good mix of characters. Plays on people's paranoia. You get to view the texts being sent between Bill and the terrorist. Money must be deposited into a bank account otherwise every 20 mins a person will die. Plenty of violence, swearing, suspense and twists. You might like Flight Plan, Red Eye, Unknown, Taken, Die Hard. See the trailer. I recommend this film.",4.0,Non-Stop thrills aboard your fave airline,1404172800,"07 1, 2014"
94,1690536,AIG9BO57K9359,B00HLTD3ZW,"Leon E. Haskins ""Leeh19""","[0, 0]",This movie has you wondering through out and somewhat puzzled  but it was an enjoyable movie to kill a couple of hours,4.0,Another ok movie,1404432000,"07 4, 2014"
95,1691226,AE96X8H53U52S,B00HNTOVWE,Mystery Person,"[0, 0]","This is a very good movie, need more killing. very good movie need more killing and damaging cities. Scare people",4.0,Gila,1401408000,"05 30, 2014"
96,1691865,A3L6NC9XPQJU7S,B00HRYH52I,"M. Freeman ""Mel Freeman""","[0, 0]",Confession of Murder  is a very good original story.,4.0,Confession of Murder  DVD,1404518400,"07 5, 2014"
97,1691957,AXIY8J853MR0M,B00HU3EKM4,pasquale chirico,"[0, 0]",this vol of megaforce is when the season starts to fall apart ultar power fells rush why did they not get the super mega mode here? they got a power up that's useless and  then tell bad jokes that not funny in the final in for power rangers fans,4.0,its morphing time,1397520000,"04 15, 2014"
98,1692351,A2P4C0R66Z3ZAZ,B00HUCF7AO,Pix76,"[3, 7]","I love everything about this series EXCEPT the fact that it paints Bible believers either as sanctimonious, hypocritical nutcases or terrorist sociopaths. The &#34;religious&#34; people in this series (i.e. Allison, Helena, and Helena's handlers) are being associated (albeit, loosely) with Christianity, even though they don't practice anything resembling the teachings of Christ. This can leave viewers who have never read the Gospels with an EXTREMELY skewed understanding of what it means to be a Christian.It's also dishonest and cowardly of the entertainment industry to keep associating Christianity with terrorism when everyone knows the overwhelming majority of terrorists in the world are Muslims. Let me clarify here that I'm NOT saying most Muslims are terrorists; I'm saying most terrorists are Muslims, and that's a FACT. The media and entertainment industry don't have the courage to associate Islam with terrorism, so they pick on Christianity, which is an easier target.And why is Christianity the easier target? Because Christians aren't retaliating with death threats, frivolous law suits, and violent rioting the way some Muslims do when Islam is insulted (e.g. riots around the world over Muhammad cartoons, death threats to Comedy Central for depicting Muhammad on South Park, the murder of the U.S. Ambassador in Benghazi, supposedly because of anti-Islamic movie trailers).Ironically, Christianity's PEACEFUL character is what makes it the primary target for bigoted, anti-religious attacks, even to the point of being associated with terrorism. Equally ironic, because of Islam's history of VIOLENT and EXTREME reactions to criticism, it has become the religion that no one wants to label as &#34;violent&#34; or &#34;extremist&#34;!Smh.",4.0,"Fantastic! Except for the clear anti-""Christian"" implications",1399075200,"05 3, 2014"
99,1692583,A1IH0F8NJIL8E3,B00HW3EJ6Y,Movie 2'sday,"[0, 0]","A nurse can be nice sometimes, but when she turns mean and paralyze's you and cuts off your genitalia it can be very aggravating, and cause you not to trust so called healthcare professionals!!!!",4.0,A Nurse can be mean fo sho!!!!,1402012800,"06 6, 2014"
100,1692881,A10HZVT7ZQEOP1,B00HX0KIAM,Nicole Smith,"[0, 0]",not impressed but funny enough i guess,4.0,Four Stars,1404691200,"07 7, 2014"
101,1693317,A3JSO0N085OQXU,B00I3HFANO,B. Wasden,"[3, 5]","Death Do Us Part is a good slasher, but not a great one. It has good twists and turns, interesting if flawed characters, and some decent suspense. What it lacks is a great killer. I'm not going to spoil anything, but the killer in this movie isn't going to put Michael Myers or Jason out of business. Also, only one of the death scenes really got a rise of me. The rest were tame compared to most slashers. Still, this is a movie that I would recommend to people like me who can't get enough of slashers.",4.0,Good Slasher,1397520000,"04 15, 2014"
102,1693404,ACRIUHXH5F6V8,B00I4581F4,Vicki of CA,"[0, 0]","Love the series and now I watch it every Memorial Day. Each episode was not only entertaining, it showed the true horrors of war and it's fallout everywhere, not just in the battlefield.  I own the entire series now.",4.0,Excellent series,1405036800,"07 11, 2014"
103,1693624,A3K0GYGBF28IAI,B00I6JOD8M,Dave Holmsten,"[0, 0]",YOU MADE ME CRY,4.0,Four Stars,1404604800,"07 6, 2014"
104,1693651,A2EET1XKF3IRT5,B00I6JOD8M,Kath Leen,"[0, 0]","Sad and sweet, great movie.",4.0,I'd watch again,1405728000,"07 19, 2014"
105,1693692,A3OIOJUQSNX4XG,B00I6JOD8M,"Skip Stone ""The Rock""","[0, 0]",Good but not great.  Worth a watch.,4.0,Good,1405900800,"07 21, 2014"
106,1693919,A1XFH6JY55XXCE,B00IBIIQTU,Nina315,"[1, 1]",Not bad....not great.... but worth watching.,4.0,not bad....,1404691200,"07 7, 2014"
107,1694299,A3FCJOHQ7UE141,B00IJS2NZU,snakes3992,"[0, 3]","Devil's Due: 6.9/10The film is about a couple that have a good time together, but when they start to have a baby that all changes. The movie does have some scary moments, and of course some jump scares. I do like the premise, and I was interested to see this movie, because it was directed by one of the VHS directors. The mystery in the film was pretty interesting. I like the fact that the husband is trying to figure out why his wife is not normal. The found footage in the movie was a bit scary at times. The only parts that annoy me were the jump scares that pop up. Is it as bad as the critics says it is, surprisingly it's not, so yeah I don't think it's a bad movie. Overall I say it's a decent horror movie, at least it was way better than The Devil Inside, that movie sucked. In my opinion this movie is good to watch at night. Do I recommend you guys watching this, nope, because you might hate it, since it got a lot of bad reviews.",4.0,Decent (3.5/5 stars),1401235200,"05 28, 2014"
108,1694327,A9I3FRQV0H5SZ,B00IJS2OHM,Robert S Zoller,"[0, 0]",This is very good drama crime thriller. Kate Beckinsale is terrific!Nick Nolte is terrible. He looks and acts 'stoned' most of the time and helooks terrible. Like he could drop dead right now.,4.0,A Very Good Crime Drama,1405209600,"07 13, 2014"
109,1695060,A2Z0OIJ038G0TH,B00IXL0ZYE,J.L. Moore Jr.,"[0, 0]","GOOD MOVIE, GOOD STORY, BUT WAS WAY TOO SHORT. IT'S WORTH HAVING TO ADD TO THE COLLECTION IF YOU'RE A DIE HARD YUGIOH FAN.",4.0,WAY TOO SHORT,1405987200,"07 22, 2014"
110,1695225,A2RYZV95NW0I6,B00J0IN6Z4,RandyR09,"[0, 0]","Suspenseful, good acting, and a travesty",4.0,Worth watching,1404345600,"07 3, 2014"
111,1695344,A1J9EU7299IWQK,B00J2MPZQG,Laurence Nicholas Puco,"[1, 1]","Gina Currano does what she is supposed, kill maim, destroy all those that give her sh__, and she does it well, otherwise it was a fairly descent movie. It will not win any oscars.",4.0,Good Kick Butt Movie,1402358400,"06 10, 2014"
112,1695436,A11977Q3OXQYHD,B00J4LMHMK,"Chuck ""Chuck""","[0, 0]",Pretty good not super great but worth a watch,4.0,Pretty good not super great but worth a watch,1405987200,"07 22, 2014"
113,1695479,A3UXW2QEBI7OKT,B00J4LMHMK,Laurie,"[0, 0]",An interesting post apocalyptic movie plot. We watched out of boredom of other shows that were on at the time.,4.0,The machine,1402012800,"06 6, 2014"
114,1695530,AJNIACIPB2I5P,B00J4LMLSA,"Basementwatch ""Basement!""","[1, 2]","This movie is not torture porn, but it comes damn close. It also contains elements of slasher and haunting movies, and a big heaping of home invasion. For crying out loud, it opens with a set piece where a killer massacres a family using secateurs. How often do you see people killing each other with secateurs in the movies these days? Seriously, not at all.Honestly, though, it's a movie that tries for a lot and comes out strong in all categories. Nothing mind blowing here, nothing you haven't seen before&#8212;except perhaps the secateurs&#8212;but if you want a freak out scare, it'll do the job.",4.0,With a name like Torment...,1403913600,"06 28, 2014"
115,1695690,A39IY0JU5JI69G,B00J5LXQKQ,"Promise ""promise""","[0, 0]","This is a lovely, sensitively told, quiet story of two lonely people who &#34;meet&#34; in a totally unexpected way....by a mistaken delivery of a lunchbox.  It may be a little slow for the average American audience but it's worth watching for people who enjoy subtle human interaction..  The two principle actors give impeccable performances.One complaint I have is that the story is so heavily loaded with tragedies---the dead brother, &#34;Uncle&#34; in a coma, the orphan at work who can only afford bananas for lunch, the unfaithful husband, the father with cancer, the dead wife, the suicide of the young mother...Have I missed any?  Oh yes, the fact that the mother can't afford to pay for her husband's cancer medicine.  Fortunately  there's enough humor and warmth to keep it from being totally depressing.. The colors of India help a lot too.My other complaint is that the ending was less than satisfying.  This is not a film for everyone but many people will find it enjoyable and very moving.",4.0,Quiet human drama,1404864000,"07 9, 2014"
116,1695695,A1R13KJPUCRF15,B00J5LXSOA,"Andie L. ""Andie E.""","[0, 0]","I don't think it is quite up to Season 1, but none-the-less an intriguing drana about insider Washington DC.  No wonder nothing ever get accomplished!",4.0,Excellent Drama...nasty intrigues!,1404259200,"07 2, 2014"
117,1695940,A328S9RN3U5M68,B00JA3RPAG,Grady Harp,"[5, 6]","Writer Luc Besson has given us such films as The Transporter series, the Taken series, La Femme Nikita, The Family and other impressive films. He is joined by Adi Hasak in transforming his story 3 DAYS TO KILL in to a film. It is a mixed bag - not bad, not particularly good, but watchable because of the actors involved. The director is television director McG. The problem seems to be an attempt to be a father daughter mother reconciliation, dealing with metastasized brain cancer in a hired killer dependent on periodic injections of a experimental chemotherapeutic drug given at the hands of a super spy woman, and the taking down of the world's meanest criminals - supposedly the last job before our hired killer reconciles with his family to die of his cancer. Sound fun? Leave it to Kevin Costner to make it work.Ethan Renner (Kevin Costner), a dangerous international spy, is determined to give up his high stakes life to finally build a closer relationship with his estranged wife Christine (Connie Nielsen) and daughter Zooey (Hailee Steinfeld), whom he's previously kept at arm's length to keep out of danger. But first, he must complete one last mission - even if it means juggling the two toughest assignments yet: hunting down the world's most ruthless terrorists - The Wolf (Richard Sammel) and The Albino (T&oacute;mas Lemarquis) and looking after his teenage daughter for the first time in ten years, while his wife is out of town. The instigator of the action is the strange head of ideas Vivi Delay (Amber Heard) who elects to run Ethan's life as he tries to survive cancer and the flighty response of his daughter with whom he eventually forms a solid relationship through cutesy father/daughter means.Not a bad movie, a bit too long, a bit to sappy at times, but entertaining nevertheless. Grady Harp, May 14",4.0,`The wolf is the most dangerous terrorist this world has ever faced. Only you can stop him.',1400889600,"05 24, 2014"
118,1696041,A2AAPG4YJ4X37U,B00JA3RPAG,nike shoe,"[0, 0]",not reallistic but entertaining and thought it was watchable and would recommend on a rainy day,4.0,... but entertaining and thought it was watchable and would recommend on a rainy day,1405814400,"07 20, 2014"
119,1696130,A8RN1RSZTYEWO,B00JA3RPAG,WLG,"[0, 0]",Good not great but good,4.0,soso,1405728000,"07 19, 2014"
120,1696239,A8B0LOWQ5EUYA,B00JAQJMJ0,"Gary E. Hoover ""serial entrepreneur""","[0, 1]",The visuals alone are worth this quirky trip!,4.0,Four Stars,1405987200,"07 22, 2014"
121,1696465,A2R6BGGIGE3F95,B00JBBJJ24,John W. Lawrence,"[0, 0]","Really good!  Crazy apocalyptic concept; but, the script is well developed and the acting is first rate.",4.0,Really good! Crazy apocalyptic concept,1405641600,"07 18, 2014"
122,1696550,A2TUA4VWCMNXI,B00JDCOI54,John D. Cofield,"[1, 1]","This Korean film with English subtitles seems specially designed to push our buttons by hitting established horror film themes: the creepy house or apartment; the mysterious stranger; the inexplicable slide from normality to brutal menace. Beyond that, however, Hide and Seek has a special menace, partly because it is set in a foreign land, and partly because the premise seems so weirdly possible.The main protagonist is Sung-soo, a comfortable middle class executive with a lovely wife and two small children.  He has a spacious apartment and a nice car but apparently suffers from a mild obsessive compulsive disorder, which is controlled with medication and plenty of patience.  Unfortunately, Sung-soo has an adopted brother who has much more serious problems.  When he gets a phone call from his brother's landlord reporting him missing, Sung-soo goes to the apartment complex looking for more information.  There he finds far more questions than answers, and he begins his own descent into darkness. What happens in the end is somewhat equivocal, and in true horror film fashion we are left with questions as to what, precisely, has been going on.This is a gritty film set in one of the most unpleasant slum areas that can be imagined.  In keeping with the established rules of the genre the over all mood is dark and brooding.  Still, Hide and Seek is an intriguing film which pursues fear and horror through inference and suggestion rather than violence.",4.0,Extraordinarily Creepy,1400457600,"05 19, 2014"
123,1696583,AFVHO52P7IMPG,B00JESQSY6,Suja,"[0, 0]","The scare and doubts around the time that the AIDS scare was just appearing is very sensitively captured in this sensitive , loving story. Thoroughly enjoyed it.",4.0,Sensitive,1404432000,"07 4, 2014"
124,1696603,A3FQGOCTI5940Q,B00JF5GAIW,Route66Review,"[1, 1]",Never a dull moment when Rusty Nails in the house. He provokes terror rather he means to or not.  He forgives no one.  Not  even when you cry. I'm already lined up for Part Four.,4.0,Don't waste your tears.  Rusty Nail does not care.,1405123200,"07 12, 2014"
125,1696644,A9G6TM1HJV48J,B00JH4SZWK,William Van Brunt,"[0, 1]","Like others have said, if you like the kind of sick humor in Bad Santa, don't miss this one.",4.0,Only complaint is the music during the title sequence,1405814400,"07 20, 2014"
126,1696929,AJRZ98VIOES0U,B00JV0547O,Argyle Ronin,"[0, 0]","Blue Ruin is a vivid glimpse into the life of a vagrant that sleeps in his car, dumpster dives, and collects aluminum cans to make it by. When he learns that his parents' murderer has been released from prison after serving a 20-year bid, he uses what little money he can muster to hunt down the ex-con responsible for destroying his life.Dwight Evans (Macon Blair) abandons his existence of relative peace in exchange for the chance to kill the man that killed his Mom and Dad. His child-like eyes are windows to his tortured mind, and are glazed with fear--not unlike a deer stuck in headlights. Quiet, contemplative, and dead-set on killing Wade Cleland, Jr., the man convicted of killing Dwight's parents. Macon's acting is top-notch for such a low-rent thriller.The supporting cast is passable, and is the film's weak spot. The other actors never rise above the cusp of mediocrity. The climax comes too soon, and is a bit of a letdown as well. Good flick to watch if you like revenge movies like Death Wish or Out of the Furnace. Solid 4-stars.",4.0,Low-Budget Indie Revenge Flick,1402790400,"06 15, 2014"
127,1697128,A2EJK7ZC00MOC9,B00K2CHWOI,"RD ""RD""","[2, 3]",The movie itself was good but there is absolutely NO way I'd pay over $40 for a 3D movie.,4.0,I'm not paying $40 for a movie!,1404432000,"07 4, 2014"
